temperature_set_C,pressure_set_kPa,ratio_set,volume_set_m3,recycle_fraction_set,Tin_C,Tout_C,pressure_actual_kPa,ratio_actual,volume_actual_m3,recycle_fraction_actual,C_efficiency_pct,H_efficiency_pct,co2_conversion_per_pass_pct,energy_efficiency_pct,methanol_kg_h,hydrogen_purge_kg_h,reactor_duty_kJ_h,compressor_duty_kJ_h,expander_duty_kJ_h,h2_lhv_kJ_h,methanol_lhv_kJ_h,converged,write_error,recycle_status,convergence_detail,case,execution_order,solve_time_s,case_time_s,timestamp
210,5000,3.0,65,,210.0,210.0,5000.0,3.0,65.0,0.99,83.2070201920341,84.0560714184834,8.854918895879795,78.44872595347,17354.57923195429,471.90938579666755,31404764.943893857,25454622.961730156,39642948.312046945,462351162.0,343034475.1177539,True,,RCY-1:Converged(60/300),,methanol_instance0.hsc,1,4.766390000004321,5.061483900004532,2026-07-31 17:38:37
210,5500,3.0,65,,210.0,210.0,5500.0,3.0,65.0,0.99,82.84258134816666,83.68791381090304,8.75443669563969,78.20298240186716,17278.543175430845,483.62170776461767,31358739.83384692,26332598.801621277,40631966.63952992,462351162.0,341533308.82094455,True,,RCY-1:Converged(62/300),,methanol_instance1.hsc,1,4.908879199996591,5.186783699988155,2026-07-31 17:38:37
210,6000,3.0,65,,210.0,210.0,6000.0,3.0,65.0,0.99,82.44930627350223,83.29062572527265,8.651723675315665,77.91976176561508,17196.485500569743,494.464596021056,31296688.471193753,27211892.562388092,41553327.685558856,462351162.0,339913038.1219221,True,,RCY-1:Converged(63/300),,methanol_instance2.hsc,1,5.229340999998385,5.492392700019991,2026-07-31 17:38:38
210,6500,3.0,65,,210.0,210.0,6500.0,3.0,65.0,0.99,82.07045662638038,82.90791026542507,8.55519644641268,77.6453483651991,17117.434557806988,505.02786893111085,31237666.884877488,28092193.50603704,42453658.01496634,462351162.0,338352793.901668,True,,RCY-1:Converged(64/300),,methanol_instance3.hsc,1,5.303428399987752,5.532415200024843,2026-07-31 17:38:38
210,7000,3.0,65,,210.0,210.0,7000.0,3.0,65.0,0.99,81.70625058085086,82.53998783167586,8.462213809238573,77.37971362776808,17041.46672973538,515.1744946164272,31182204.80101216,28961656.56840881,43321807.03125986,462351162.0,336854644.9934907,True,,RCY-1:Converged(65/300),,methanol_instance0.hsc,2,4.443925700034015,4.6593555999861564,2026-07-31 17:38:42
210,7500,3.0,65,,210.0,210.0,7500.0,3.0,65.0,0.99,81.3557884381693,82.18594954468121,8.377002192571,77.125143583015,16968.329480182943,525.1310462242337,31130161.96911461,29818446.00467979,44174444.562994435,462351162.0,335412072.282577,True,,RCY-1:Converged(66/300),,methanol_instance1.hsc,2,4.4477238999679685,4.715083199989749,2026-07-31 17:38:42
210,8000,3.0,65,,210.0,210.0,8000.0,3.0,65.0,0.99,81.01907924852638,81.84580454698072,8.296430421365011,76.88034560153807,16898.015573542234,534.7784623669345,31081722.789202213,30657567.391020562,45002324.57121876,462351162.0,334024490.4303494,True,,RCY-1:Converged(67/300),,methanol_instance2.hsc,2,4.7569417000049725,4.9552740000071935,2026-07-31 17:38:43
210,8500,3.0,65,,210.0,210.0,8500.0,3.0,65.0,0.99,80.69498885852013,81.5184071121785,8.220695360188808,76.64576340175086,16830.37236610614,544.1549453356672,31036592.017547645,31478129.19119117,45808183.78287733,462351162.0,332691046.35206634,True,,RCY-1:Converged(68/300),,methanol_instance3.hsc,2,5.853252299973974,6.048553300002823,2026-07-31 17:38:44
210,9000,3.0,65,,210.0,210.0,9000.0,3.0,65.0,0.99,80.38248643688203,81.20271589031958,8.149120804796677,76.42017915044707,16765.143172022395,553.2613903158009,30994562.622114457,32279367.696027707,46592016.89574214,462351162.0,331405520.0307675,True,,RCY-1:Converged(69/300),,methanol_instance0.hsc,3,5.582573599967873,5.868930399999954,2026-07-31 17:38:48
210,9500,3.0,65,,210.0,210.0,9500.0,3.0,65.0,0.99,80.08130596169623,80.89846214497884,8.081440723397526,76.20352148847742,16702.270713831578,562.1144645148909,30955290.504943393,33061353.635801088,47355040.69141596,462351162.0,330166742.1177183,True,,RCY-1:Converged(70/300),,methanol_instance1.hsc,3,5.590659800014691,5.821988200012129,2026-07-31 17:38:48
210,10000,3.0,65,,210.0,210.0,10000.0,3.0,65.0,0.99,79.75420713097559,80.56802557108756,8.00891394925875,75.95501538753786,16634.00388188605,569.9683894687108,30902476.28875589,33808935.67186816,48037425.808638245,462351162.0,328821052.724852,True,,RCY-1:Converged(70/300),,methanol_instance2.hsc,3,6.026828000001842,6.3086992999888025,2026-07-31 17:38:49
210,10500,3.0,65,,210.0,210.0,10500.0,3.0,65.0,0.99,79.47426805369528,80.28522997261052,7.947794573248214,75.75526945802127,16575.558340707263,578.3478919229652,30868879.175894335,34553706.64637259,48761515.997544445,462351162.0,327670106.19554174,True,,RCY-1:Converged(71/300),,methanol_instance3.hsc,3,4.9609093999897595,5.247666200011736,2026-07-31 17:38:49
210,11000,3.0,65,,210.0,210.0,11000.0,3.0,65.0,0.99,79.2032958695157,80.0114927661434,7.889588291892184,75.5628720257133,16518.996338583882,586.5156462583916,30837604.292631615,35280768.50355332,49468066.26820684,462351162.0,326556912.5372797,True,,RCY-1:Converged(72/300),,methanol_instance0.hsc,4,6.08250560000306,6.314933399989968,2026-07-31 17:38:54
220,5000,3.0,65,,220.0,220.0,5000.0,3.0,65.0,0.99,88.06135688344622,88.9599421577671,13.545023083783592,80.5966324522576,18367.06855654534,314.6896909458606,33852656.546001464,20330796.99672697,25977871.248714138,462351162.0,363047533.1572346,True,,RCY-1:Converged(48/300),,methanol_instance1.hsc,4,5.3555680999706965,5.631155699986266,2026-07-31 17:38:54
220,5500,3.0,65,,220.0,220.0,5500.0,3.0,65.0,0.99,87.83091127731768,88.72714506586172,13.5345163544464,80.33660645360496,18318.959680165066,321.29292968870215,33872882.82131979,21373299.99352887,26507595.252389014,462351162.0,362100222.09917015,True,,RCY-1:Converged(50/300),,methanol_instance2.hsc,4,5.864799799979664,6.043483999994351,2026-07-31 17:38:55
220,6000,3.0,65,,220.0,220.0,6000.0,3.0,65.0,0.99,87.57382240484009,88.46743283754252,13.485557717850579,80.05982053167696,18265.293473838,327.76588093953893,33878987.38484778,22380567.669853494,27032694.224995133,462351162.0,361042658.6087831,True,,RCY-1:Converged(51/300),,methanol_instance3.hsc,4,5.921369799994864,6.1575032000255305,2026-07-31 17:38:55
220,6500,3.0,65,,220.0,220.0,6500.0,3.0,65.0,0.99,87.336062233343,88.22724654184648,13.448041895192764,79.8151844474528,18215.64394105708,334.8568506247937,33888459.34779863,23365471.978859562,27609566.68356579,462351162.0,360066060.6186201,True,,RCY-1:Converged(53/300),,methanol_instance0.hsc,5,9.225960100011434,9.453754599991953,2026-07-31 17:39:04
220,7000,3.0,65,,220.0,220.0,7000.0,3.0,65.0,0.99,87.07949069846502,87.968056930082,13.374428740577079,79.55303986644192,18162.05042982944,341.32008184789777,33889050.19013698,24305519.066794556,28140318.99674801,462351162.0,359009864.50502217,True,,RCY-1:Converged(54/300),,methanol_instance1.hsc,5,8.489532999985386,8.742221299995435,2026-07-31 17:39:02
220,7500,3.0,65,,220.0,220.0,7500.0,3.0,65.0,0.99,86.84824517011243,87.73445175348093,13.33160186698261,79.32846020552682,18113.739251369807,348.4908917319795,33894791.42045814,25226204.24471671,28727214.75040495,462351162.0,358060402.20219094,True,,RCY-1:Converged(56/300),,methanol_instance2.hsc,5,5.543358900002204,5.734348699974362,2026-07-31 17:39:01
220,8000,3.0,65,,220.0,220.0,8000.0,3.0,65.0,0.99,86.60491238335703,87.48863597910555,13.26406594193202,79.09186896055586,18062.92088360036,355.07160900773215,33894513.41611482,26106157.741896536,29269366.421272825,462351162.0,357060656.8372313,True,,RCY-1:Converged(57/300),,methanol_instance3.hsc,5,7.504056300007505,7.709065700008068,2026-07-31 17:39:03
220,8500,3.0,65,,220.0,220.0,8500.0,3.0,65.0,0.99,86.36807505108594,87.24938193936231,13.197927763820852,78.86538776750092,18013.450863835646,361.5860422859901,33894428.84740652,26957058.032749902,29807007.652644474,462351162.0,356087817.45444036,True,,RCY-1:Converged(58/300),,methanol_instance0.hsc,6,6.587360900011845,6.810735500010196,2026-07-31 17:39:10
220,9000,3.0,65,,220.0,220.0,9000.0,3.0,65.0,0.99,86.13767032280137,87.01662614242179,13.132525873216863,78.6479630857515,17965.316505962917,367.99403892250314,33894741.32684553,27780148.0678614,30336772.585170433,462351162.0,355141519.22871137,True,,RCY-1:Converged(59/300),,methanol_instance1.hsc,6,6.878428600000916,7.101473399990937,2026-07-31 17:39:09
220,9500,3.0,65,,220.0,220.0,9500.0,3.0,65.0,0.99,85.9288354216432,86.80566027288444,13.090648561853211,78.45901426288265,17921.671670169355,374.8268636143373,33900067.1304218,28586651.38820181,30899513.346535854,462351162.0,354285455.68159765,True,,RCY-1:Converged(61/300),,methanol_instance2.hsc,6,7.582142899977043,7.794422399980249,2026-07-31 17:39:08
220,10000,3.0,65,,220.0,220.0,10000.0,3.0,65.0,0.99,85.71066949216547,86.58526816045286,13.028230268342659,78.25803065148814,17876.089448955678,381.0217254229601,33901371.137266606,29359464.902616587,31412949.778783597,462351162.0,353390103.33929056,True,,RCY-1:Converged(62/300),,methanol_instance3.hsc,6,7.068695099995239,7.29088889999548,2026-07-31 17:39:10
220,10500,3.0,65,,220.0,220.0,10500.0,3.0,65.0,0.99,85.49852527913154,86.37095921055123,12.96749028814888,78.0645510598601,17831.762610988113,387.1013406212721,33903324.17821172,30109435.818988804,31917400.204861116,462351162.0,352519754.6292357,True,,RCY-1:Converged(63/300),,methanol_instance0.hsc,7,5.710481400019489,5.986132799996994,2026-07-31 17:39:16
220,11000,3.0,65,,220.0,220.0,11000.0,3.0,65.0,0.99,85.29264313254707,86.16297622573632,12.908470788971826,77.87841604688596,17788.73397328564,393.0663530813768,33905938.861645296,30837999.52768681,32412844.971262395,462351162.0,351675062.141418,True,,RCY-1:Converged(64/300),,methanol_instance1.hsc,7,5.8081669000093825,6.010665700014215,2026-07-31 17:39:15
230,5000,3.0,65,,230.0,230.0,5000.0,3.0,65.0,0.99,90.71835933946134,91.64405688374154,19.340297989067725,81.7266989738306,18920.909139327243,229.5917659120842,35233038.68131698,18159508.422854625,18688074.341331653,462351162.0,374017434.81228995,True,,RCY-1:Converged(50/300),,methanol_instance2.hsc,7,6.444860599964159,6.655103600001894,2026-07-31 17:39:15
230,5500,3.0,65,,230.0,230.0,5500.0,3.0,65.0,0.99,90.63801584625746,91.56289355897435,19.89484690680522,81.51981550581276,18903.98361228202,232.1162250944956,35314129.806988224,19193112.318693142,18859125.34362753,462351162.0,373694878.65977603,True,,RCY-1:Converged(55/300),,methanol_instance3.hsc,7,6.755625299992971,6.962282499996945,2026-07-31 17:39:17
230,6000,3.0,65,,230.0,230.0,6000.0,3.0,65.0,0.99,90.52872366431559,91.45248615068614,20.31092701626607,81.30899028479286,18881.029218172247,235.42771207878715,35379339.29105366,20196116.2430956,19101797.345088486,462351162.0,373252522.2411225,True,,RCY-1:Converged(59/300),,methanol_instance0.hsc,8,5.748924600018654,5.950061299983645,2026-07-31 17:39:22
230,6500,3.0,65,,230.0,230.0,6500.0,3.0,65.0,0.99,90.40707996814386,91.32960119230859,20.649284416144926,81.10673644472116,18855.481041153173,239.46831013458603,35434791.61344425,21168566.650176335,19408108.408361252,462351162.0,372758963.5661682,True,,RCY-1:Converged(63/300),,methanol_instance1.hsc,8,5.930287299997872,6.138003600004595,2026-07-31 17:39:22
230,7000,3.0,65,,230.0,230.0,7000.0,3.0,65.0,0.99,90.27036303576999,91.1914891891962,20.871203322497596,80.89939429375043,18826.8289827464,243.4387515031525,35483249.261084035,22099243.260103952,19714326.552947696,462351162.0,372203116.95609564,True,,RCY-1:Converged(66/300),,methanol_instance2.hsc,8,6.257717799977399,6.462887000001501,2026-07-31 17:39:22
230,7500,3.0,65,,230.0,230.0,7500.0,3.0,65.0,0.99,90.12724723667726,91.04691302480661,21.03427889357736,80.69651297072214,18796.84301184888,247.58322373369418,35526493.32207686,22995200.406845916,20037397.1507249,462351162.0,371620193.1418436,True,,RCY-1:Converged(68/300),,methanol_instance3.hsc,8,6.211935100029223,6.427540400007274,2026-07-31 17:39:24
230,8000,3.0,65,,230.0,230.0,8000.0,3.0,65.0,0.99,89.98260765901257,90.90079753308412,21.16314598416495,80.50200929124007,18766.540458286945,251.9352478939414,35566097.27381081,23860188.507762842,20378975.128253844,462351162.0,371030931.43256927,True,,RCY-1:Converged(70/300),,methanol_instance0.hsc,9,5.219182999979239,5.482955699990271,2026-07-31 17:39:28
230,8500,3.0,65,,230.0,230.0,8500.0,3.0,65.0,0.99,89.83907687639258,90.75580215064147,21.267968795585475,80.31663466226742,18736.450879925913,256.4442520975748,35603247.3471164,24696341.33432336,20734567.84509359,462351162.0,370445596.0396296,True,,RCY-1:Converged(72/300),,methanol_instance1.hsc,9,5.479613999981666,5.6938890000164974,2026-07-31 17:39:27
230,9000,3.0,65,,230.0,230.0,9000.0,3.0,65.0,0.99,89.68858386403053,90.60377349529614,21.31221027236557,80.12691669499749,18704.96402071644,260.6248975992048,35637679.93772181,25497915.768681563,21066273.675732236,462351162.0,369832150.4652928,True,,RCY-1:Converged(73/300),,methanol_instance2.hsc,9,6.846121200040216,7.053263900015736,2026-07-31 17:39:29
230,9500,3.0,65,,230.0,230.0,9500.0,3.0,65.0,0.99,89.54039414966496,90.45407164098806,21.342100919345434,79.9448458147614,18673.940049369856,264.8548612505436,35670756.17407223,26273852.99163183,21402935.097865757,462351162.0,369227579.74954903,True,,RCY-1:Converged(74/300),,methanol_instance3.hsc,9,6.9507885000202805,7.162884100020165,2026-07-31 17:39:31
230,10000,3.0,65,,230.0,230.0,10000.0,3.0,65.0,0.99,89.39376566913937,90.30594695147751,21.356189497125698,79.76843666019336,18643.2379724535,269.0600390416413,35702656.345447615,27024960.112591524,21738537.158532735,462351162.0,368629144.8389603,True,,RCY-1:Converged(75/300),,methanol_instance0.hsc,10,5.8506047000119,6.061813400010578,2026-07-31 17:39:34
230,10500,3.0,65,,230.0,230.0,10500.0,3.0,65.0,0.99,89.25014530477291,90.16086107318895,21.361630614813855,79.5988597106908,18613.153433572304,273.26700470748597,35733840.59996044,27753597.329340875,22074977.442366336,462351162.0,368042822.3716145,True,,RCY-1:Converged(76/300),,methanol_instance1.hsc,10,5.947010500007309,6.152610199991614,2026-07-31 17:39:33
230,11000,3.0,65,,230.0,230.0,11000.0,3.0,65.0,0.99,89.1087604114426,90.01803347686548,21.358211467605415,79.43496436639923,18583.562344490412,277.44127334458454,35764377.36573815,28460830.54513543,22409409.71925515,462351162.0,367466921.6649872,True,,RCY-1:Converged(77/300),,methanol_instance2.hsc,10,7.171587099990575,7.378463400003966,2026-07-31 17:39:36
240,5000,3.0,65,,240.0,240.0,5000.0,3.0,65.0,0.99,91.88982810921095,92.82747941644779,24.338309818047644,82.26456364687418,19164.660911964795,194.85874682562212,35908469.09462982,17365044.905156616,15760909.013395913,462351162.0,378875535.3404673,True,,RCY-1:Converged(63/300),,methanol_instance3.hsc,10,6.550831699976698,6.763164299976779,2026-07-31 17:39:37
240,5500,3.0,65,,240.0,240.0,5500.0,3.0,65.0,0.99,92.0065134141302,92.94535538774376,26.080948574507385,82.14039118901685,19188.666722811373,191.47999613795744,36072999.028860554,18301651.390998982,15436637.943493862,462351162.0,379373463.2368879,True,,RCY-1:Converged(70/300),,methanol_instance0.hsc,11,6.045922399993287,6.273026799986837,2026-07-31 17:39:40
240,6000,3.0,65,,240.0,240.0,6000.0,3.0,65.0,0.99,92.06620712895612,93.00565822210872,27.488326533364692,81.99567456900851,19200.84274471646,189.39899167919052,36211736.11723166,19218404.831108104,15231424.517131697,462351162.0,379634790.32508767,True,,RCY-1:Converged(74/300),,methanol_instance1.hsc,11,6.243866800010437,6.4638460999995,2026-07-31 17:39:40
240,6500,3.0,65,,240.0,240.0,6500.0,3.0,65.0,0.99,92.09149905284963,93.03120822685828,28.6883658159523,81.84981538829219,19205.825927206588,188.6971109814485,36332367.95234405,20116260.37741705,15145535.58588985,462351162.0,379753158.93867785,True,,RCY-1:Converged(78/300),,methanol_instance2.hsc,11,7.709755699994275,7.923008299985668,2026-07-31 17:39:44
240,7000,3.0,65,,240.0,240.0,7000.0,3.0,65.0,0.99,92.087060667455,93.02672455181677,29.649693470167687,81.69604877431291,19204.68244033513,188.61277093387568,36438736.11594244,20983801.022176065,15116173.96067652,462351162.0,379749393.1732278,True,,RCY-1:Converged(81/300),,methanol_instance3.hsc,11,7.5342460999963805,7.740765599999577,2026-07-31 17:39:45
240,7500,3.0,65,,240.0,240.0,7500.0,3.0,65.0,0.99,92.06310558152762,93.00252502623708,30.45640662367643,81.54220977370721,19199.4513287474,189.19934032983033,36534268.2333738,21824702.77455522,15144686.403049545,462351162.0,379663012.9250792,True,,RCY-1:Converged(83/300),,methanol_instance0.hsc,12,6.436509599967394,6.656620099995052,2026-07-31 17:39:47
240,8000,3.0,65,,240.0,240.0,8000.0,3.0,65.0,0.99,92.02127767195,92.96027030125559,31.102305984935935,81.38400243866353,19190.48005290692,190.09903905123343,36620837.60770446,22635902.967912123,15201880.161696551,462351162.0,379500004.61899173,True,,RCY-1:Converged(84/300),,methanol_instance1.hsc,12,6.393508700013626,6.599464300001273,2026-07-31 17:39:46
240,8500,3.0,65,,240.0,240.0,8500.0,3.0,65.0,0.99,91.96870516213434,92.90716133725815,31.642505464026556,81.22891407476664,19179.348355716676,191.38612957971452,36700792.03748417,23421650.072720952,15292436.341870556,462351162.0,379295543.7752575,True,,RCY-1:Converged(85/300),,methanol_instance2.hsc,12,7.84567710000556,8.048225799982902,2026-07-31 17:39:52
240,9000,3.0,65,,240.0,240.0,9000.0,3.0,65.0,0.99,91.90955089502675,92.84740345518007,32.09644289302756,81.07765748132023,19166.80613098417,192.97418870247682,36775491.81523737,24183131.828500003,15408956.406006372,462351162.0,379061651.873425,True,,RCY-1:Converged(86/300),,methanol_instance3.hsc,12,7.923007699981099,8.161916400014888,2026-07-31 17:39:53
240,9500,3.0,65,,240.0,240.0,9500.0,3.0,65.0,0.99,91.83835407079273,92.7754801327396,32.440121863981396,80.9212393711258,19151.78697768478,194.55166550834062,36844755.601396866,24917365.06935069,15526528.074390292,462351162.0,378777203.0955579,True,,RCY-1:Converged(86/300),,methanol_instance0.hsc,13,6.521970000030706,6.741792999993777,2026-07-31 17:39:53
240,10000,3.0,65,,240.0,240.0,10000.0,3.0,65.0,0.99,91.77001772803766,92.70644648036456,32.760224156206895,80.77713995097172,19137.315091337437,196.52539469607964,36911475.87490305,25633584.34602068,15676507.01296619,462351162.0,378503614.4823532,True,,RCY-1:Converged(87/300),,methanol_instance1.hsc,13,6.5722291999845766,6.779249899991555,2026-07-31 17:39:53
240,10500,3.0,65,,240.0,240.0,10500.0,3.0,65.0,0.99,91.69108478575492,92.62670809989527,32.99218282487053,80.62753764882112,19120.728796804247,198.39209786654578,36973949.603353955,26325011.532603078,15819330.701300427,462351162.0,378188235.0945175,True,,RCY-1:Converged(87/300),,methanol_instance2.hsc,13,7.990701600007014,8.180772299994715,2026-07-31 17:40:00
240,11000,3.0,65,,240.0,240.0,11000.0,3.0,65.0,0.99,91.61743682071156,92.55230862500451,33.21712356539456,80.49038129548403,19105.18224349581,200.5759646352104,37035088.03161008,27000718.2364845,15987909.64206585,462351162.0,377893284.6369009,True,,RCY-1:Converged(88/300),,methanol_instance3.hsc,13,7.7263015000207815,7.93914100000984,2026-07-31 17:40:01
250,5000,3.0,65,,250.0,250.0,5000.0,3.0,65.0,0.99,91.89880882039347,92.83655176754033,24.436235312808122,82.26404080318078,19166.551321188326,193.33498549132463,36073414.74575876,17353686.54012277,15710875.502735795,462351162.0,378913716.8351474,True,,RCY-1:Converged(60/300),,methanol_instance0.hsc,14,5.6498036999837495,5.8461555000103544,2026-07-31 17:39:59
250,5500,3.0,65,,250.0,250.0,5500.0,3.0,65.0,0.99,92.19830254244987,93.13910154798506,27.29320709191031,82.22747132798017,19228.5339444402,185.0638043424127,36315093.41009787,18180910.12508368,14956154.33947709,462351162.0,380173217.4889251,True,,RCY-1:Converged(71/300),,methanol_instance1.hsc,14,6.326847500022268,6.524287200008985,2026-07-31 17:40:00
250,6000,3.0,65,,250.0,250.0,6000.0,3.0,65.0,0.99,92.42219545212748,93.36527907918999,29.823257498740247,82.1549967513598,19274.789113649582,178.12139699133104,36525642.711121365,18999696.628958747,14336286.904873015,462351162.0,381117495.36439055,True,,RCY-1:Converged(77/300),,methanol_instance2.hsc,14,7.541475900041405,7.745687399990857,2026-07-31 17:40:08
250,6500,3.0,65,,250.0,250.0,6500.0,3.0,65.0,0.99,92.5967724159453,93.54163744059778,32.14207480416459,82.07278639810013,19310.781303690335,172.80745291528925,36712730.81191817,19809816.073560406,13863781.440122671,462351162.0,381859168.18918097,True,,RCY-1:Converged(82/300),,methanol_instance3.hsc,14,7.8066580000158865,8.018923800002085,2026-07-31 17:40:09
250,7000,3.0,65,,250.0,250.0,7000.0,3.0,65.0,0.99,92.72499106737241,93.6711644456109,34.17230175851869,81.97182391822327,19337.14899005425,168.3709788632188,36880665.29190129,20597510.029433984,13473975.085667836,462351162.0,382407859.96569735,True,,RCY-1:Converged(85/300),,methanol_instance0.hsc,15,6.488840000005439,6.694816900009755,2026-07-31 17:40:06
250,7500,3.0,65,,250.0,250.0,7500.0,3.0,65.0,0.99,92.82816816665218,93.77539437243433,36.04655903363133,81.87401604739237,19358.28323384312,165.14830721181613,37034473.35000902,21370074.436885253,13188502.635312255,462351162.0,382853500.10966796,True,,RCY-1:Converged(88/300),,methanol_instance1.hsc,15,5.525381199986441,5.743527000013273,2026-07-31 17:40:05
250,8000,3.0,65,,250.0,250.0,8000.0,3.0,65.0,0.99,92.89964027469142,93.84759578769845,37.67011934274317,81.76284507748146,19372.85038236112,162.41885529991725,37175232.04230715,22117262.86729224,12948736.234487103,462351162.0,383166431.4390717,True,,RCY-1:Converged(89/300),,methanol_instance2.hsc,15,7.825961299997289,8.028809899988119,2026-07-31 17:40:16
250,8500,3.0,65,,250.0,250.0,8500.0,3.0,65.0,0.99,92.95266044982266,93.90115698502491,39.12437137309895,81.6515331570154,19383.57106866618,160.37261240545334,37306157.545485705,22844898.126711093,12767645.791818852,462351162.0,383402376.11907494,True,,RCY-1:Converged(90/300),,methanol_instance3.hsc,15,6.155261899984907,6.363701199996285,2026-07-31 17:40:16
250,9000,3.0,65,,250.0,250.0,9000.0,3.0,65.0,0.99,92.98547934025756,93.9343107620969,40.388116524338066,81.53377119149472,19390.104926939992,158.70649783547384,37427980.76719267,23550112.950218298,12620278.90478539,462351162.0,383553354.8296813,True,,RCY-1:Converged(90/300),,methanol_instance0.hsc,16,6.521006399998441,6.751103099988541,2026-07-31 17:40:13
250,9500,3.0,65,,250.0,250.0,9500.0,3.0,65.0,0.99,93.01077556393874,93.95986511050953,41.54484763815808,81.4232629808303,19395.065758173154,157.65471662554532,37543527.1253583,24239224.863778748,12524037.241097676,462351162.0,383673733.09443647,True,,RCY-1:Converged(91/300),,methanol_instance1.hsc,16,6.555857900035335,6.759605700004613,2026-07-31 17:40:12
250,10000,3.0,65,,250.0,250.0,10000.0,3.0,65.0,0.99,93.02031371673829,93.96950059139887,42.540369972513396,81.30661412518133,19396.770369660862,156.80142330833755,37652014.167662874,24907070.59083662,12445703.147348505,462351162.0,383727467.81846154,True,,RCY-1:Converged(91/300),,methanol_instance2.hsc,16,8.368929699994624,8.56810430000769,2026-07-31 17:40:25
250,10500,3.0,65,,250.0,250.0,10500.0,3.0,65.0,0.99,93.02110245646625,93.97029737949141,43.42226449554771,81.19102924196618,19396.665288942837,156.25421995132973,37755159.737289466,25557397.599834014,12393253.112485223,462351162.0,383744728.186272,True,,RCY-1:Converged(91/300),,methanol_instance3.hsc,16,8.250859300023876,8.475822099979268,2026-07-31 17:40:24
250,11000,3.0,65,,250.0,250.0,11000.0,3.0,65.0,0.99,93.01436262839306,93.96348877766236,44.203370144354835,81.0763850949056,19395.004289774042,155.9565773087665,37853499.879978105,26190892.882627714,12361838.192272069,462351162.0,383730399.5749323,True,,RCY-1:Converged(91/300),,methanol_instance0.hsc,17,6.851009199977852,7.0785047999816015,2026-07-31 17:40:20
260,5000,3.0,65,,260.0,260.0,5000.0,3.0,65.0,0.99,91.30463739853982,92.23631737199429,21.70906325921042,81.99054110728409,19042.935839873982,208.7728870862613,35961357.846363634,17754255.765916098,17193411.124415163,462351162.0,376447618.7872463,True,,RCY-1:Converged(47/300),,methanol_instance1.hsc,17,5.108966800005874,5.3202443000045605,2026-07-31 17:40:18
260,5500,3.0,65,,260.0,260.0,5500.0,3.0,65.0,0.99,91.70549694230193,92.64126731926417,24.726499492157963,82.0015113296262,19126.044802818637,197.97134240972886,36247646.88513827,18490143.663221978,16171217.927342884,462351162.0,378125919.8136066,True,,RCY-1:Converged(61/300),,methanol_instance2.hsc,17,6.762809700041544,6.97771800000919,2026-07-31 17:40:32
260,6000,3.0,65,,260.0,260.0,6000.0,3.0,65.0,0.99,92.03419182245327,92.97331622880482,27.637457870599047,81.989217667337,19194.098926961873,189.12652308381598,36499416.76628853,19247550.14740032,15352088.99312308,462351162.0,379506927.39250076,True,,RCY-1:Converged(72/300),,methanol_instance3.hsc,17,7.386278300022241,7.556291399989277,2026-07-31 17:40:32
260,6500,3.0,65,,260.0,260.0,6500.0,3.0,65.0,0.99,92.29731649757255,93.23912584958858,30.31323651127607,81.94255412483524,19248.530627492815,181.08475516594606,36725205.21323383,19991696.161321547,14629063.514532879,462351162.0,380614994.1015853,True,,RCY-1:Converged(78/300),,methanol_instance0.hsc,18,6.622054899955401,6.826699800003553,2026-07-31 17:40:27
260,7000,3.0,65,,260.0,260.0,7000.0,3.0,65.0,0.99,92.51713082748817,93.46118318287068,32.855579225498346,81.88536696615334,19293.926641149046,174.27527816792158,36931055.229847096,20725747.06783571,14024803.998851934,462351162.0,381544495.7200962,True,,RCY-1:Converged(83/300),,methanol_instance1.hsc,18,6.403704900003504,6.631633999990299,2026-07-31 17:40:24
260,7500,3.0,65,,260.0,260.0,7500.0,3.0,65.0,0.99,92.70472602201872,93.65069261408013,35.28873682171517,81.82366233123304,19332.598369155603,168.52726629361595,37121417.65279131,21445739.332878374,13518924.666991185,462351162.0,382341418.2485919,True,,RCY-1:Converged(87/300),,methanol_instance2.hsc,18,6.104315199976554,6.31650929999887,2026-07-31 17:40:38
260,8000,3.0,65,,260.0,260.0,8000.0,3.0,65.0,0.99,92.8591216198968,93.80666367724267,37.54137813634959,81.74877636566481,19364.371272991815,163.34380443395813,37298501.75086996,22144103.70591961,13068907.078116143,462351162.0,383000044.18604964,True,,RCY-1:Converged(89/300),,methanol_instance3.hsc,18,7.8865756999875885,8.096838400000706,2026-07-31 17:40:40
260,8500,3.0,65,,260.0,260.0,8500.0,3.0,65.0,0.99,92.98834589785983,93.93720657028696,39.640202197752764,81.66715651728826,19390.91029072427,158.7531802658209,37464901.30063204,22823066.01150053,12673830.630168727,462351162.0,383554165.54152846,True,,RCY-1:Converged(90/300),,methanol_instance0.hsc,19,6.73167760000797,6.951243100018473,2026-07-31 17:40:34
260,9000,3.0,65,,260.0,260.0,9000.0,3.0,65.0,0.99,93.10027846731525,94.05028130881846,41.61657713837505,81.58553844436035,19413.844259394264,154.80189991540493,37622926.357664004,23485344.56516843,12335330.064847836,462351162.0,384036999.775615,True,,RCY-1:Converged(91/300),,methanol_instance1.hsc,19,7.027912000019569,7.2443194999941625,2026-07-31 17:40:31
260,9500,3.0,65,,260.0,260.0,9500.0,3.0,65.0,0.99,93.1974095710964,94.14840354631166,43.46773830237845,81.50387688073504,19433.69304972409,151.37767597689924,37773820.50011123,24130898.599740423,12043188.880368399,462351162.0,384458550.83770686,True,,RCY-1:Converged(92/300),,methanol_instance2.hsc,19,8.347597599989967,8.543158799991943,2026-07-31 17:40:46
260,10000,3.0,65,,260.0,260.0,10000.0,3.0,65.0,0.99,93.2769790096432,94.22878491790485,45.16604807436623,81.41602003584208,19449.90438465203,148.2477197763656,37917703.111339174,24757506.303598866,11778041.985629117,462351162.0,384806448.9967525,True,,RCY-1:Converged(92/300),,methanol_instance3.hsc,19,8.38145210003131,8.625701499986462,2026-07-31 17:40:48
260,10500,3.0,65,,260.0,260.0,10500.0,3.0,65.0,0.99,93.35015794918068,94.30271058131517,46.77629072772421,81.33448611249325,19464.771830977337,145.64939697633736,38056884.33798817,25370989.44770381,11557730.07513964,462351162.0,385128575.4616464,True,,RCY-1:Converged(93/300),,methanol_instance0.hsc,20,7.129089799942449,7.343802199990023,2026-07-31 17:40:41
260,11000,3.0,65,,260.0,260.0,11000.0,3.0,65.0,0.99,93.40883494250224,94.36198631946654,48.24237006619985,81.24707021681334,19476.640857308477,143.23922258769613,38190378.79915665,25966968.18357887,11354699.032393573,462351162.0,385389475.0792887,True,,RCY-1:Converged(93/300),,methanol_instance1.hsc,20,6.893439600011334,7.103828199993586,2026-07-31 17:40:39
270,5000,3.0,65,,270.0,270.0,5000.0,3.0,65.0,0.99,90.51710225899157,91.44074615959352,19.354865159840436,81.69601187008409,18878.747069433273,233.41374602528592,35716464.023144916,18407413.224489182,19563038.397327542,462351162.0,373197544.28451836,True,,RCY-1:Converged(43/300),,methanol_instance2.hsc,20,5.860947100009071,6.073915999993915,2026-07-31 17:40:52
270,5500,3.0,65,,270.0,270.0,5500.0,3.0,65.0,0.99,90.99558265785073,91.92410901150227,21.683604468663194,81.68667936106513,18978.305914159646,216.64746351145308,36065736.56311934,18965981.245119214,17989544.311722726,462351162.0,375182447.2007564,True,,RCY-1:Converged(48/300),,methanol_instance3.hsc,20,5.982081100024516,6.193939100019634,2026-07-31 17:40:55
270,6000,3.0,65,,270.0,270.0,6000.0,3.0,65.0,0.99,91.38941588357245,92.3219609436089,24.462731769679696,81.70206603134525,19059.974103974106,206.2444965083764,36348561.05100014,19652327.889501203,16976213.52357044,462351162.0,376830596.0593384,True,,RCY-1:Converged(61/300),,methanol_instance0.hsc,21,5.752580599975772,5.960016400000313,2026-07-31 17:40:47
270,6500,3.0,65,,270.0,270.0,6500.0,3.0,65.0,0.99,91.71745017216496,92.6533425208605,27.145220843846335,81.69469745690468,19127.921530595235,197.41056409423462,36599588.96191941,20355005.296442404,16138095.90634961,462351162.0,378207247.0722991,True,,RCY-1:Converged(71/300),,methanol_instance1.hsc,21,6.2640814000042155,6.481761000002734,2026-07-31 17:40:45
270,7000,3.0,65,,270.0,270.0,7000.0,3.0,65.0,0.99,91.99108196633279,92.92976647619331,29.67820774347881,81.66448371029229,19184.54045058951,189.52586455397375,36826832.62627936,21051620.718907412,15410134.731570775,462351162.0,379358252.017011,True,,RCY-1:Converged(78/300),,methanol_instance2.hsc,21,7.220423199993093,7.416238100006012,2026-07-31 17:41:00
270,7500,3.0,65,,270.0,270.0,7500.0,3.0,65.0,0.99,92.21977494559688,93.16079305728664,32.0794152966743,81.61551466520571,19231.816011518273,182.39836272110296,37034676.99997206,21734292.552242532,14765723.177981263,462351162.0,380323111.9742319,True,,RCY-1:Converged(82/300),,methanol_instance3.hsc,21,7.493173499999102,7.682281200017314,2026-07-31 17:41:02
270,8000,3.0,65,,270.0,270.0,8000.0,3.0,65.0,0.99,92.42120941297095,93.36428297840942,34.42346336276695,81.56586390220927,19273.38790468439,176.32287829228608,37228230.50045427,22407417.570839234,14221105.33767335,462351162.0,381176417.9293602,True,,RCY-1:Converged(86/300),,methanol_instance0.hsc,22,6.692181499965955,6.901390100014396,2026-07-31 17:40:54
270,8500,3.0,65,,270.0,270.0,8500.0,3.0,65.0,0.99,92.59153879677886,93.53635041715414,36.62838510430048,81.50293232298593,19308.496474434116,170.69425442929744,37409333.27811317,23060976.818787266,13724782.077804795,462351162.0,381900344.91122985,True,,RCY-1:Converged(88/300),,methanol_instance1.hsc,22,6.875079500023276,7.084453699993901,2026-07-31 17:40:52
270,9000,3.0,65,,270.0,270.0,9000.0,3.0,65.0,0.99,92.74339607703564,93.68975726149517,38.756267465766555,81.44001993821006,19339.74661550156,165.74709361319745,37581299.17031187,23700263.093010675,13291769.288341073,462351162.0,382548608.2173609,True,,RCY-1:Converged(90/300),,methanol_instance2.hsc,22,8.222828899946762,8.427465999993728,2026-07-31 17:41:08
270,9500,3.0,65,,270.0,270.0,9500.0,3.0,65.0,0.99,92.87512439612773,93.8228297471086,40.7704588603215,81.37080263455918,19366.807273259332,161.18296773152062,37745039.66401488,24321531.161297802,12896505.162041645,462351162.0,383112971.46653175,True,,RCY-1:Converged(91/300),,methanol_instance3.hsc,22,8.261630799999693,8.471556899981806,2026-07-31 17:41:11
270,10000,3.0,65,,270.0,270.0,10000.0,3.0,65.0,0.99,92.99361501930034,93.94252945827277,42.70043198939143,81.3018663417583,19391.10560230647,157.08667793808368,37902537.65032771,24927785.11624912,12543982.371091496,462351162.0,383622895.9248885,True,,RCY-1:Converged(92/300),,methanol_instance0.hsc,23,7.007027100014966,7.230685699993046,2026-07-31 17:41:01
270,10500,3.0,65,,270.0,270.0,10500.0,3.0,65.0,0.99,93.09586719748665,94.04582502603242,44.51571788526362,81.2268583584323,19412.035315579225,153.22503210853375,38053931.40724926,25516464.353151876,12214679.131108083,462351162.0,384064866.7034123,True,,RCY-1:Converged(92/300),,methanol_instance1.hsc,23,7.001462999993237,7.214716500020586,2026-07-31 17:40:59
270,11000,3.0,65,,270.0,270.0,11000.0,3.0,65.0,0.99,93.19304501781487,94.14399445677215,46.277400000558856,81.15855764306018,19431.887921610447,149.85590918038363,38201598.96320465,26093441.669013795,11927896.876791641,462351162.0,384486698.3463417,True,,RCY-1:Converged(93/300),,methanol_instance2.hsc,23,8.3740289999987,8.575976200023433,2026-07-31 17:41:17
280,5000,3.0,65,,280.0,280.0,5000.0,3.0,65.0,0.99,89.4211017497427,90.33356197167885,17.21025177505464,81.20836630031727,18650.175753573287,261.376886632628,35297435.76810141,19236693.22808959,22411668.05288952,462351162.0,368677961.4785791,True,,RCY-1:Converged(35/300),,methanol_instance3.hsc,23,5.347393700038083,5.56249929999467,2026-07-31 17:41:16
280,5500,3.0,65,,280.0,280.0,5500.0,3.0,65.0,0.99,90.16778994910926,91.08786943838587,19.394099730063182,81.38552883728568,18805.69412134845,242.06655896612563,35784738.529755406,19638699.38663623,20502383.800789945,462351162.0,371767613.8308242,True,,RCY-1:Converged(44/300),,methanol_instance0.hsc,24,3.725735500018345,3.946356600004947,2026-07-31 17:41:05
280,6000,3.0,65,,280.0,280.0,6000.0,3.0,65.0,0.99,90.63790256321465,91.56277911998214,21.53219001666427,81.38275595903178,18903.514316465367,226.1147356593046,36131792.45177437,20161416.540808853,18964286.25497509,462351162.0,373717748.01052296,True,,RCY-1:Converged(49/300),,methanol_instance1.hsc,24,5.081221000000369,5.295777099992847,2026-07-31 17:41:05
280,6500,3.0,65,,280.0,280.0,6500.0,3.0,65.0,0.99,91.021940512842,91.95073582419751,23.976507495628656,81.38708679399085,18983.212455958863,215.25421677050176,36415990.34667446,20786102.626342554,17889597.331625383,462351162.0,375321747.56392926,True,,RCY-1:Converged(59/300),,methanol_instance2.hsc,24,6.87546690000454,7.08816330000991,2026-07-31 17:41:24
280,7000,3.0,65,,280.0,280.0,7000.0,3.0,65.0,0.99,91.35073460666739,92.28288495979663,26.4450096759787,81.38665983584154,19051.335100084703,206.61965513803085,36667187.924443595,21441500.872461684,17042582.960574087,462351162.0,376700105.88219595,True,,RCY-1:Converged(69/300),,methanol_instance3.hsc,24,6.911769800004549,7.10891760000959,2026-07-31 17:41:23
280,7500,3.0,65,,280.0,280.0,7500.0,3.0,65.0,0.99,91.63042431584815,92.56542864560168,28.812922728774886,81.36809051057409,19109.238147804925,198.9382225771405,36895226.620971695,22095056.38188237,16308989.403007314,462351162.0,377875648.0450161,True,,RCY-1:Converged(76/300),,methanol_instance0.hsc,25,5.978590099955909,6.204162100009853,2026-07-31 17:41:11
280,8000,3.0,65,,280.0,280.0,8000.0,3.0,65.0,0.99,91.86928469546223,92.80672637602817,31.07407955476655,81.33411034206736,19158.639467394354,192.00516052334186,37104585.73688714,22739171.256731827,15661828.009626476,462351162.0,378882078.9001061,True,,RCY-1:Converged(81/300),,methanol_instance1.hsc,25,6.371161499992013,6.590182200015988,2026-07-31 17:41:11
280,8500,3.0,65,,280.0,280.0,8500.0,3.0,65.0,0.99,92.0728744457352,93.01239357273248,33.21984934023363,81.28571870450003,19200.702976836237,185.635220968506,37298560.16448266,23369345.869948834,15079252.929580212,462351162.0,379742152.7876553,True,,RCY-1:Converged(84/300),,methanol_instance2.hsc,25,7.824156099988613,8.027594600018347,2026-07-31 17:41:32
280,9000,3.0,65,,280.0,280.0,9000.0,3.0,65.0,0.99,92.25492655596382,93.19630335755528,35.31556851055853,81.2372225853324,19238.266440970925,180.0831615079551,37480950.31554345,23990042.01170985,14575757.835360276,462351162.0,380514328.59181803,True,,RCY-1:Converged(87/300),,methanol_instance3.hsc,25,8.05184679996455,8.257438500004355,2026-07-31 17:41:32
280,9500,3.0,65,,280.0,280.0,9500.0,3.0,65.0,0.99,92.41414778708099,93.35714929511242,37.31620276650694,81.18154240211527,19271.071662577233,174.98079544960484,37653284.049468346,24595625.959815226,14119316.340462375,462351162.0,381191596.8028733,True,,RCY-1:Converged(89/300),,methanol_instance0.hsc,26,6.861702999973204,7.095922399981646,2026-07-31 17:41:18
280,10000,3.0,65,,280.0,280.0,10000.0,3.0,65.0,0.99,92.55323264641521,93.49765338770514,39.220622046052526,81.11907229871704,19299.688473634185,170.23614392856086,37817099.88391494,25185550.582856916,13700110.382568635,462351162.0,381785147.98030734,True,,RCY-1:Converged(90/300),,methanol_instance1.hsc,26,6.8947237999527715,7.130376099987188,2026-07-31 17:41:18
280,10500,3.0,65,,280.0,280.0,10500.0,3.0,65.0,0.99,92.67917387103502,93.62487972686189,41.05886449190361,81.05659473654241,19325.561759298755,165.94571679091877,37974427.59321851,25762654.046519786,13323752.004382802,462351162.0,382324685.72151685,True,,RCY-1:Converged(91/300),,methanol_instance2.hsc,26,8.368324899987783,8.575154699996347,2026-07-31 17:41:41
280,11000,3.0,65,,280.0,280.0,11000.0,3.0,65.0,0.99,92.7940429898064,93.74092097949828,42.83085119819822,80.99441650880156,19349.120715107605,162.040615203176,38126335.6042939,26326924.253039427,12983444.43702518,462351162.0,382818520.1300021,True,,RCY-1:Converged(92/300),,methanol_instance3.hsc,26,8.423237399954814,8.63448859998607,2026-07-31 17:41:40
290,5000,3.0,65,,290.0,290.0,5000.0,3.0,65.0,0.99,88.10446667029527,89.0034918404003,15.739860873860644,80.6912168325963,18375.302738152328,298.988037113466,34692102.630374886,20421865.542851664,26292065.218040653,462351162.0,363263365.2458517,True,,RCY-1:Converged(37/300),,methanol_instance0.hsc,27,4.620687699993141,4.890698799979873,2026-07-31 17:41:23
290,5500,3.0,65,,290.0,290.0,5500.0,3.0,65.0,0.99,89.01809239827668,89.92644027989172,17.330566327879197,80.88687010487854,18565.888889627513,270.849485845114,35307598.83346169,20488490.274784457,23525546.574191935,462351162.0,367028335.7761602,True,,RCY-1:Converged(36/300),,methanol_instance1.hsc,27,4.635176000010688,4.905132999992929,2026-07-31 17:41:23
290,6000,3.0,65,,290.0,290.0,6000.0,3.0,65.0,0.99,89.75651518559843,90.67239799361472,19.30169234444162,81.06430921829634,18719.707285829583,252.17743381317018,35798992.196603075,20860270.95464659,21629228.037501387,462351162.0,370082782.15101403,True,,RCY-1:Converged(44/300),,methanol_instance2.hsc,27,5.849872399994638,6.05628419999266,2026-07-31 17:41:47
290,6500,3.0,65,,290.0,290.0,6500.0,3.0,65.0,0.99,90.23557891870497,91.15635013216114,21.299437475518705,81.08028651276297,18819.389461757415,236.98192332623287,36151190.07762456,21344741.809339065,20111843.656495687,462351162.0,372070181.0026148,True,,RCY-1:Converged(50/300),,methanol_instance3.hsc,27,6.25967589992797,6.472720000019763,2026-07-31 17:41:47
290,7000,3.0,65,,290.0,290.0,7000.0,3.0,65.0,0.99,90.61244394887858,91.53706072386711,23.3522295390576,81.06362555229727,18897.68909147875,224.86303971104584,36443050.80677555,21896863.199643563,18910447.886319052,462351162.0,373638558.00591415,True,,RCY-1:Converged(56/300),,methanol_instance0.hsc,28,5.182531900034519,5.397166799986735,2026-07-31 17:41:29
290,7500,3.0,65,,290.0,290.0,7500.0,3.0,65.0,0.99,90.95116033231551,91.87923339693096,25.711038604909664,81.0811590572327,18967.880746460825,216.81291946042577,36695629.21248141,22513838.22011367,18075430.59926723,462351162.0,375058731.4420548,True,,RCY-1:Converged(67/300),,methanol_instance1.hsc,28,5.680333300027996,5.885548499994911,2026-07-31 17:41:29
290,8000,3.0,65,,290.0,290.0,8000.0,3.0,65.0,0.99,91.23774015009202,92.16873749856232,27.90281148422399,81.0704034074184,19027.24649480148,209.11692029138794,36926472.55936128,23123569.44295019,17314718.777367815,462351162.0,376261604.44451296,True,,RCY-1:Converged(74/300),,methanol_instance2.hsc,28,7.186397700017551,7.3974250000028405,2026-07-31 17:41:54
290,8500,3.0,65,,290.0,290.0,8500.0,3.0,65.0,0.99,91.48452239506723,92.41803792971075,30.000113638064214,81.04451327706398,19078.321041568594,202.1188850612765,37138402.979342334,23727285.58389669,16640463.135673396,462351162.0,377299448.8534042,True,,RCY-1:Converged(79/300),,methanol_instance3.hsc,28,7.50166370003717,7.709261999989394,2026-07-31 17:41:55
290,9000,3.0,65,,290.0,290.0,9000.0,3.0,65.0,0.99,91.70034576325583,92.6360635771666,32.02748287581827,81.01017540777357,19122.95419490908,195.83953954654172,37334946.991949715,24323557.781777933,16045929.08226507,462351162.0,378210115.07824373,True,,RCY-1:Converged(83/300),,methanol_instance0.hsc,29,6.5067892000079155,6.714315300021553,2026-07-31 17:41:35
290,9500,3.0,65,,290.0,290.0,9500.0,3.0,65.0,0.99,91.8852354855035,92.82283992923313,33.94434888287828,80.96118750238695,19161.14128852272,189.9195192092508,37518177.62738949,24905809.62590839,15497762.341406034,462351162.0,378991268.07509804,True,,RCY-1:Converged(85/300),,methanol_instance1.hsc,29,6.652807999984361,6.866087100002915,2026-07-31 17:41:36
290,10000,3.0,65,,290.0,290.0,10000.0,3.0,65.0,0.99,92.05186518301855,92.99116992978404,35.81643162935576,80.91196367168578,19195.514296823723,184.66893599031192,37691346.589139335,25479677.972020946,15015716.096063709,462351162.0,379697795.9213774,True,,RCY-1:Converged(87/300),,methanol_instance2.hsc,29,7.6940931000281125,7.850967800011858,2026-07-31 17:42:02
290,10500,3.0,65,,290.0,290.0,10500.0,3.0,65.0,0.99,92.20306875543083,93.14391639579237,37.63829995741039,80.86246895287272,19226.666093626212,179.9590531299305,37856242.52060987,26043600.292998325,14586917.734967947,462351162.0,380341145.29166436,True,,RCY-1:Converged(89/300),,methanol_instance3.hsc,29,7.756086899957154,7.9097100000071805,2026-07-31 17:42:02
290,11000,3.0,65,,290.0,290.0,11000.0,3.0,65.0,0.99,92.33601855114365,93.27822282207367,39.37253888982589,80.80579631905746,19254.01719534517,175.51113492704198,38013407.40196231,26593638.537589934,14187577.799414728,462351162.0,380908161.83561194,True,,RCY-1:Converged(90/300),,methanol_instance0.hsc,30,7.019723100005649,7.243209600012051,2026-07-31 17:41:43
300,5000,3.0,65,,300.0,300.0,5000.0,3.0,65.0,0.99,86.41507490506842,87.29686138369156,14.543370345712269,80.01134908485267,18022.55188253814,345.5274853818926,33824047.89178851,22076830.145946704,31278761.302938387,462351162.0,356318610.55769765,True,,RCY-1:Converged(41/300),,methanol_instance1.hsc,30,4.957870099984575,5.171345300012035,2026-07-31 17:41:41
300,5500,3.0,65,,300.0,300.0,5500.0,3.0,65.0,0.99,87.61891328529153,88.51298382901898,15.94520279727018,80.34724359554376,18273.753987311895,309.73851928261286,34624584.612477615,21699962.752408896,27645966.019883823,462351162.0,361275770.3119036,True,,RCY-1:Converged(38/300),,methanol_instance2.hsc,30,4.551812899997458,4.680702799989376,2026-07-31 17:42:07
300,6000,3.0,65,,300.0,300.0,6000.0,3.0,65.0,0.99,88.52630790280865,89.42963757528628,17.377291254551753,80.54580651899904,18463.046949700183,282.627652375241,35247470.07725935,21759854.80934273,24916309.96861077,462351162.0,365014812.9678014,True,,RCY-1:Converged(37/300),,methanol_instance3.hsc,30,4.4219076999870595,4.568017300014617,2026-07-31 17:42:07
300,6500,3.0,65,,300.0,300.0,6500.0,3.0,65.0,0.99,89.27469784251507,90.18566414703052,19.10540149013049,80.72650702974357,18618.993239995492,263.7076166574561,35756419.62507579,22079976.509992667,22956493.190511543,462351162.0,368107843.89302456,True,,RCY-1:Converged(43/300),,methanol_instance0.hsc,31,4.941499400010798,5.155803300003754,2026-07-31 17:41:48
300,7000,3.0,65,,300.0,300.0,7000.0,3.0,65.0,0.99,89.78033259029155,90.69645843304961,20.9482567577589,80.76847885050331,18724.20898707693,248.84524822482334,36125352.7680093,22518519.51286712,21418174.09230108,462351162.0,370203692.07292175,True,,RCY-1:Converged(50/300),,methanol_instance1.hsc,31,4.983104300015839,5.1915821000002325,2026-07-31 17:41:46
300,7500,3.0,65,,300.0,300.0,7500.0,3.0,65.0,0.99,90.15961593121936,91.07961201215016,22.665004897850807,80.7363534403373,18803.12954450164,235.37270647930092,36430460.59569265,22997966.90400989,20075534.70170188,462351162.0,371777653.42983776,True,,RCY-1:Converged(52/300),,methanol_instance2.hsc,31,4.525338000006741,4.6603004000207875,2026-07-31 17:42:11
300,8000,3.0,65,,300.0,300.0,8000.0,3.0,65.0,0.99,90.50658624808956,91.4301228424578,24.86115969261676,80.76105429249198,18875.064414278888,227.36290042833477,36687755.0232629,23568962.72753707,19203286.639523137,462351162.0,373230929.1098278,True,,RCY-1:Converged(63/300),,methanol_instance3.hsc,31,4.871960000018589,5.021325699985027,2026-07-31 17:42:12
300,8500,3.0,65,,300.0,300.0,8500.0,3.0,65.0,0.99,90.80195884034599,91.72850944075766,26.89250621354087,80.75678120540424,18936.286320697865,219.57059151526482,36923404.43778963,24135287.832668953,18402039.584176105,462351162.0,374468758.301131,True,,RCY-1:Converged(70/300),,methanol_instance0.hsc,32,5.830143000028329,6.046419099991908,2026-07-31 17:41:54
300,9000,3.0,65,,300.0,300.0,9000.0,3.0,65.0,0.99,91.06261661531546,91.99182698894111,28.879322801327977,80.74531588530401,18990.273209401574,212.70656653216463,37139987.04434987,24703736.236369252,17709811.693748485,462351162.0,375564204.4220539,True,,RCY-1:Converged(76/300),,methanol_instance1.hsc,32,6.1935940999828745,6.400566099997377,2026-07-31 17:41:53
300,9500,3.0,65,,300.0,300.0,9500.0,3.0,65.0,0.99,91.28821352744265,92.21972591037573,30.765039353320333,80.71778653683924,19036.954099227085,206.25583248400844,37340486.313685834,25263235.483957045,17078300.648958992,462351162.0,376513247.8350363,True,,RCY-1:Converged(80/300),,methanol_instance2.hsc,32,5.8228364000387955,5.96710300000268,2026-07-31 17:42:17
300,10000,3.0,65,,300.0,300.0,10000.0,3.0,65.0,0.99,91.48722372049109,92.42076681967976,32.58630606402964,80.68238168946564,19078.09394203071,200.36691964349066,37527579.39217767,25815394.114846185,16512017.978836846,462351162.0,377352386.1060628,True,,RCY-1:Converged(83/300),,methanol_instance3.hsc,32,5.909789000026649,6.020233399991412,2026-07-31 17:42:18
300,10500,3.0,65,,300.0,300.0,10500.0,3.0,65.0,0.99,91.66805755499969,92.60344589739763,34.37362026179894,80.64683622300439,19115.433216319372,195.14517058293538,37704063.14118801,26361894.63683151,16014411.927024422,462351162.0,378117206.4593198,True,,RCY-1:Converged(86/300),,methanol_instance0.hsc,33,6.7037127999647055,6.878615900001023,2026-07-31 17:42:01
300,11000,3.0,65,,300.0,300.0,11000.0,3.0,65.0,0.99,91.82788455610428,92.76490378626859,36.08427656078527,80.60318236366136,19148.39812384363,190.24007882822963,37870916.493797876,26897036.532039728,15555057.579996245,462351162.0,378794560.09371173,True,,RCY-1:Converged(88/300),,methanol_instance1.hsc,33,6.90354630004731,7.111030100000789,2026-07-31 17:42:00
