temperature,pressure,P,merit,mode,role
278.8879346,8611.644103,1,0.0006391037356,-1,dead
260.3779643,10691.20906,0,-0.000639415399,-1,dead
275.1225869,9324.492152,0,-0.001670685377,-1,dead
250.656757,5190.9729,0,-0.002471210189,-1,dead
244.9804688,9253.90625,0,-0.002633702089,-1,dead
259.6472339,10712.94249,0,-0.003283515641,-1,dead
276.1308204,9192.956196,0,-0.003877605115,-1,dead
250.9570312,10167.96875,0,-0.005626865545,-1,dead
265.5212042,10508.01742,0,-0.007268995444,-1,dead
258.6326852,5808.550064,0,-0.007419149813,-1,dead
271.6267938,9860.534692,0,-0.00774745085,-1,dead
242.9675244,8904.887154,0,-0.007927871551,-1,dead
251.0642395,10194.07713,0,-0.008058293928,-1,dead
263.4230184,10648.06263,0,-0.008974340319,-1,dead
258.6914062,5808.59375,0,-0.00942150546,-1,dead
239.1500804,6175.875257,0,-0.01005423834,-1,dead
263.7299678,6302.186216,0,-0.01047802085,-1,dead
250.9388365,5190.692527,0,-0.01212740386,-1,dead
264.6912491,10586.47833,0,-0.01233511381,-1,dead
275.3074458,7652.289401,0,-0.01344053749,-1,dead
240.929359,8494.531315,0,-0.01361362062,-1,dead
275.5664062,7683.59375,0,-0.01481422161,-1,dead
247.0590266,9659.755848,0,-0.01510427385,-1,dead
271.875,9875,0,-0.01565934303,-1,dead
239.7070312,7917.96875,0,-0.01571208766,-1,dead
274.5392005,9536.09524,0,-0.01596378475,-1,dead
252.5390625,10414.0625,0,-0.01634737425,-1,dead
239.9017448,5410.465639,0,-0.01786234046,-1,dead
249.5259147,10056.76927,0,-0.0184384216,-1,dead
264.9107461,10623.66337,0,-0.01969707744,-1,dead
266.5268864,6588.724729,0,-0.02006820684,-1,dead
239.86609,8223.16358,0,-0.02340448829,-1,dead
258.1640625,10789.0625,0,-0.02346294556,-1,dead
275.511456,9459.045655,0,-0.02406161628,-1,dead
256.761471,10744.33182,0,-0.02453710584,-1,dead
260.915555,10831.19719,0,-0.0257151032,-1,dead
265.3918297,6447.372249,0,-0.02633552498,-1,dead
257.1354446,10770.11827,0,-0.02656406934,-1,dead
280.148817,8583.401376,0,-0.02696617403,-1,dead
239.8944651,5365.514887,0,-0.0274907648,-1,dead
267.3799064,10466.39102,0,-0.02816985063,-1,dead
277.3593181,9202.539928,0,-0.02838439952,-1,dead
275.9626103,9409.18594,0,-0.02956313811,-1,dead
240.452529,8468.705172,0,-0.03264146617,-1,dead
254.2300063,10640.56779,0,-0.03339029876,-1,dead
248.5877243,9955.543793,0,-0.03364353784,-1,dead
255.6005989,10737.34716,0,-0.03434299993,-1,dead
251.8359375,5210.9375,0,-0.03543892647,-1,dead
239.7406842,8182.166351,0,-0.03557350083,-1,dead
263.4375,10812.5,0,-0.03568891613,-1,dead
267.65625,10531.25,0,-0.03786548107,-1,dead
274.5117188,9722.65625,0,-0.03804417674,-1,dead
251.5729743,10407.44955,0,-0.04165961898,-1,dead
239.1796875,7367.1875,0,-0.04236752452,-1,dead
248.9201463,10066.32663,0,-0.0424168836,-1,dead
279.7851562,8902.34375,0,-0.04533029629,-1,dead
257.1064784,10876.89005,0,-0.045960417,-1,dead
270.2729643,10305.46637,0,-0.04690359593,-1,dead
269.5708756,10371.64117,0,-0.04801196568,-1,dead
267.0368646,10646.81152,0,-0.04828106032,-1,dead
281.3877848,8569.025896,0,-0.0516236057,-1,dead
270.3075858,10338.88984,0,-0.05311042396,-1,dead
251.2171681,10414.86687,0,-0.05405475228,-1,dead
239.0039062,5621.09375,0,-0.05647424935,-1,dead
264.8522165,6336.053565,0,-0.05702503423,-1,dead
276.9726562,9464.84375,0,-0.05820882519,-1,dead
281.3671875,8679.6875,0,-0.05956145222,-1,dead
270.6445312,10355.46875,0,-0.06069374063,-1,dead
281.4867439,8685.220783,0,-0.06083949934,-1,dead
266.0604892,10802.15307,0,-0.06119884665,-1,dead
277.1484375,9523.4375,0,-0.06290721156,-1,dead
272.311778,10198.99942,0,-0.06399829675,-1,dead
273.118763,10071.40053,0,-0.06434229141,-1,dead
272.0356675,7128.15987,0,-0.06511649272,-1,dead
241.1629197,8733.045444,0,-0.06630977605,-1,dead
264.7700409,6314.044223,0,-0.06746103591,-1,dead
270.2361301,10450.76492,0,-0.06793385833,-1,dead
242.7092625,9068.346263,0,-0.06894526684,-1,dead
267.4804688,10753.90625,0,-0.06962450733,-1,dead
266.9164375,10810.83595,0,-0.07049498156,-1,dead
247.497215,9942.049029,0,-0.0705713141,-1,dead
273.423881,7286.945075,0,-0.07154161021,-1,dead
272.5550468,10232.94567,0,-0.07253814907,-1,dead
273.8085938,7332.03125,0,-0.07382366699,-1,dead
277.8515625,9476.5625,0,-0.0758458234,-1,dead
252.4922741,10661.23232,0,-0.07645574126,-1,dead
238.6523438,6863.28125,0,-0.07704647019,-1,dead
267.7138362,10785.70583,0,-0.07726556016,-1,dead
248.3203125,10132.8125,0,-0.07930017804,-1,dead
257.4609375,5585.9375,0,-0.08030545042,-1,dead
282.0819908,8729.489319,0,-0.08031876672,-1,dead
255.5273438,10988.28125,0,-0.08252901853,-1,dead
238.482822,6310.601012,0,-0.08400966382,-1,dead
240.0382671,5090.739595,0,-0.08444136101,-1,dead
271.4175669,10435.36369,0,-0.08566100241,-1,dead
252.0480376,10663.3399,0,-0.0877325316,-1,dead
281.0488587,9010.310816,0,-0.09020078995,-1,dead
280.4639548,9137.700932,0,-0.09116070265,-1,dead
281.8862218,8905.16163,0,-0.09343420357,-1,dead
254.4726562,10964.84375,0,-0.09443220407,-1,dead
253.648666,10894.31504,0,-0.09453562408,-1,dead
270.777899,10564.91842,0,-0.09476005383,-1,dead
238.3910797,6293.170533,0,-0.09477456392,-1,dead
274.8632812,10074.21875,0,-0.09478590076,-1,dead
239.8828125,5070.3125,0,-0.0979912119,-1,dead
268.359375,6640.625,0,-0.09999581183,-1,dead
281.3010469,9117.448971,0,-0.1012650292,-1,dead
282.8500725,8743.827753,0,-0.1012717468,-1,dead
273.6328125,10320.3125,0,-0.1032004187,-1,dead
274.1607954,7310.838222,0,-0.1036122709,-1,dead
273.1029919,10383.98274,0,-0.1043957516,-1,dead
259.4813372,5725.224344,0,-0.1068605187,-1,dead
251.2063752,10655.66776,0,-0.1076972404,-1,dead
244.8595596,9636.990908,0,-0.1099935534,-1,dead
249.5391262,10437.28023,0,-0.1101430268,-1,dead
281.7909431,9071.605825,0,-0.1124174549,-1,dead
269.3055902,6725.85348,0,-0.1131284702,-1,dead
280.8398438,9300.78125,0,-0.1137737677,-1,dead
272.6241207,10517.52256,0,-0.1168192518,-1,dead
284.0039062,8621.09375,0,-0.1186393973,-1,dead
278.5834041,7833.5351,0,-0.1207595233,-1,dead
279.3737086,9600.377622,0,-0.1215485287,-1,dead
238.125,6125,0,-0.1229606602,-1,dead
281.7595182,9217.420991,0,-0.124334092,-1,dead
251.484375,10765.625,0,-0.1246709836,-1,dead
264.84375,6218.75,0,-0.1251444129,-1,dead
238.1422211,5873.430817,0,-0.1267968632,-1,dead
282.421875,9078.125,0,-0.127501379,-1,dead
238.5128848,7275.974387,0,-0.1297091023,-1,dead
270.5160366,10868.46515,0,-0.1298807437,-1,dead
247.1086355,10127.29332,0,-0.1317017611,-1,dead
270.1171875,10929.6875,0,-0.1319425358,-1,dead
283.7572582,8863.273319,0,-0.1361600717,-1,dead
240.7538137,8890.399626,0,-0.1376345629,-1,dead
249.9023438,10613.28125,0,-0.1380550309,-1,dead
270.6986596,6830.940613,0,-0.1389138298,-1,dead
271.4311567,10826.77247,0,-0.1424199413,-1,dead
238.0134453,6467.659551,0,-0.1433580956,-1,dead
240.103657,8758.472855,0,-0.1454174378,-1,dead
276.4453125,7507.8125,0,-0.1473168424,-1,dead
259.8761622,5700.055693,0,-0.14746097,-1,dead
283.125,9125,0,-0.1475178658,-1,dead
260.3012177,5737.619896,0,-0.1496578889,-1,dead
280.3125,9687.5,0,-0.150330827,-1,dead
261.6796875,5867.1875,0,-0.1506808788,-1,dead
245.6835938,9957.03125,0,-0.1517431335,-1,dead
247.8170013,10338.66952,0,-0.1557167334,-1,dead
241.079681,9001.124177,0,-0.1557433607,-1,dead
280.2917819,9786.195017,0,-0.1566842474,-1,dead
244.453125,9734.375,0,-0.1593726143,-1,dead
282.5475897,9423.719238,0,-0.1620938163,-1,dead
282.8028006,9373.164831,0,-0.1670804918,-1,dead
275.5541048,10535.85892,0,-0.1673878686,-1,dead
272.7539062,10871.09375,0,-0.1690838603,-1,dead
237.792529,6299.884082,0,-0.1693294439,-1,dead
278.9543223,10055.6163,0,-0.1699869074,-1,dead
278.4230849,10169.9886,0,-0.1710695281,-1,dead
280.6344366,9845.283405,0,-0.1711867751,-1,dead
249.1992188,10660.15625,0,-0.1732414667,-1,dead
240.5859375,8960.9375,0,-0.1734658232,-1,dead
278.0415902,10246.34205,0,-0.1747011863,-1,dead
237.7129437,6136.407299,0,-0.17507595,-1,dead
271.3476562,6839.84375,0,-0.1768222626,-1,dead
281.3391562,9744.287734,0,-0.1773243251,-1,dead
237.9492188,6910.15625,0,-0.1801406702,-1,dead
276.04696,10591.09866,0,-0.181550268,-1,dead
276.6210938,10519.53125,0,-0.1815505188,-1,dead
276.5222444,10526.62494,0,-0.1816469324,-1,dead
275.390625,10671.875,0,-0.1826755453,-1,dead
244.9903403,9952.252417,0,-0.1847846366,-1,dead
266.8974147,6326.246593,0,-0.1911047074,-1,dead
241.0830476,9148.179705,0,-0.1912446217,-1,dead
279.9609375,10085.9375,0,-0.1921341376,-1,dead
285.7617188,8972.65625,0,-0.1935231172,-1,dead
281.8945312,8105.46875,0,-0.1957506559,-1,dead
275.9828587,7349.002459,0,-0.1994959811,-1,dead
276.0677021,7337.270179,0,-0.2060733467,-1,dead
237.421875,6078.125,0,-0.2079711458,-1,dead
283.3539343,9640.767074,0,-0.2083659104,-1,dead
271.770637,6826.866088,0,-0.2086350392,-1,dead
264.6679688,6066.40625,0,-0.2097086857,-1,dead
278.203125,10484.375,0,-0.2100822343,-1,dead
237.6653808,6782.228094,0,-0.2104595389,-1,dead
281.2999966,7981.110849,0,-0.216363096,-1,dead
275.5521323,10904.79061,0,-0.2196868565,-1,dead
237.7892413,5213.310509,0,-0.2219796526,-1,dead
275.1976866,7194.450424,0,-0.2255203181,-1,dead
279.2578125,7695.3125,0,-0.2285788642,-1,dead
282.9492188,9910.15625,0,-0.2292932903,-1,dead
286.1132812,9324.21875,0,-0.2325944516,-1,dead
246.5625,10437.5,0,-0.2348683952,-1,dead
283.6523438,9863.28125,0,-0.2360107779,-1,dead
238.828125,8609.375,0,-0.2373186511,-1,dead
281.1914062,10308.59375,0,-0.2379672036,-1,dead
280.8328439,10362.55563,0,-0.2399774048,-1,dead
280.0319259,7762.219689,0,-0.2406593779,-1,dead
241.6061001,9425.828002,0,-0.2461726272,-1,dead
274.0884237,7023.707243,0,-0.2483076797,-1,dead
279.0790969,10694.71635,0,-0.2485511208,-1,dead
285.1077835,9721.150562,0,-0.248848792,-1,dead
240.9375,9312.5,0,-0.252073854,-1,dead
241.1148006,9363.425854,0,-0.256269254,-1,dead
248.461881,10891.47806,0,-0.2570807829,-1,dead
238.8451553,8805.415402,0,-0.2584937677,-1,dead
259.2641655,5485.037336,0,-0.2588686221,-1,dead
283.5985697,10085.65336,0,-0.2590392643,-1,dead
286.1647332,9579.803489,0,-0.2593949288,-1,dead
279.0284986,7599.783664,0,-0.2610791266,-1,dead
279.4335938,10707.03125,0,-0.2620171591,-1,dead
280.5788278,10559.36197,0,-0.2625259906,-1,dead
256.799475,5268.827797,0,-0.2627513206,-1,dead
236.9955666,5557.062566,0,-0.2653120982,-1,dead
274.6875,7062.5,0,-0.2661456476,-1,dead
237.3680812,5170.870169,0,-0.2666576404,-1,dead
278.3789062,7496.09375,0,-0.2698482161,-1,dead
285.862206,8483.185838,0,-0.2710083627,-1,dead
237.4038681,7037.98237,0,-0.2724086714,-1,dead
286.2890625,9664.0625,0,-0.2735497059,-1,dead
236.8790068,6003.935475,0,-0.276878747,-1,dead
237.3375293,7032.190042,0,-0.2819729775,-1,dead
287.4886001,9590.946676,0,-0.2855264613,-1,dead
285.234375,10015.625,0,-0.2858126364,-1,dead
276.4842087,7234.686465,0,-0.2862281902,-1,dead
236.7634423,5929.506766,0,-0.2890495163,-1,dead
259.1089718,5420.183556,0,-0.2948772066,-1,dead
247.3714005,10862.67259,0,-0.2967463934,-1,dead
288.3984375,8773.4375,0,-0.2992908254,-1,dead
286.3045104,8466.69516,0,-0.3029185064,-1,dead
290.3320312,9042.96875,0,-0.3033752209,-1,dead
286.1741796,10026.98078,0,-0.3037881424,-1,dead
268.8867188,6347.65625,0,-0.3045894558,-1,dead
241.6386672,9647.490364,0,-0.3060869344,-1,dead
284.1796875,10367.1875,0,-0.306414152,-1,dead
244.5878868,10312.33474,0,-0.3077546936,-1,dead
289.8046875,9242.1875,0,-0.3100634025,-1,dead
282.1413022,10738.25937,0,-0.3139201789,-1,dead
289.4770084,9400.895293,0,-0.3149713851,-1,dead
282.2460938,7894.53125,0,-0.3166368479,-1,dead
236.8945312,5105.46875,0,-0.3185100755,-1,dead
241.4648438,9675.78125,0,-0.3199674456,-1,dead
283.1373158,7994.585216,0,-0.3214301194,-1,dead
254.8242188,5035.15625,0,-0.3215904643,-1,dead
240.8829095,9533.028794,0,-0.3229357136,-1,dead
268.7379341,6298.418944,0,-0.3263593393,-1,dead
282.0703125,10882.8125,0,-0.3314683163,-1,dead
280.1345362,7589.147187,0,-0.3316270724,-1,dead
276.651362,7168.396966,0,-0.3338480741,-1,dead
266.6968664,6076.826616,0,-0.3349964326,-1,dead
264.7585724,5883.632374,0,-0.3366189686,-1,dead
236.3671875,5679.6875,0,-0.3392641993,-1,dead
284.0995486,10691.71367,0,-0.3407705014,-1,dead
286.640625,8421.875,0,-0.3454110738,-1,dead
236.4929442,5224.040436,0,-0.3467705378,-1,dead
289.6289062,9746.09375,0,-0.3489089902,-1,dead
246.2109375,10835.9375,0,-0.3526880784,-1,dead
264.9219532,5872.802289,0,-0.353041171,-1,dead
288.0312967,10077.5882,0,-0.3539326727,-1,dead
273.3771273,6744.538458,0,-0.3591843496,-1,dead
280.7099858,7606.956787,0,-0.3616055929,-1,dead
243.046875,10203.125,0,-0.3666582063,-1,dead
239.6972582,9399.863472,0,-0.3680337239,-1,dead
288.2226562,10214.84375,0,-0.3680490181,-1,dead
289.2773438,8738.28125,0,-0.3682673967,-1,dead
272.2821481,6604.103615,0,-0.3704540498,-1,dead
285.5128788,10723.11057,0,-0.3712984695,-1,dead
280.2088522,7517.804721,0,-0.373202634,-1,dead
246.006482,10910.1025,0,-0.3814725817,-1,dead
284.7070312,10917.96875,0,-0.3822080924,-1,dead
288.75,10250,0,-0.3824900606,-1,dead
287.1679688,10566.40625,0,-0.3870529713,-1,dead
257.8125,5187.5,0,-0.3897099986,-1,dead
260.4492188,5410.15625,0,-0.3901816196,-1,dead
292.265625,9546.875,0,-0.3907785172,-1,dead
290.5078125,9945.3125,0,-0.3914235617,-1,dead
236.4289449,6769.639117,0,-0.3938517581,-1,dead
244.674041,10660.30097,0,-0.3951254876,-1,dead
292.7929688,9441.40625,0,-0.395787835,-1,dead
284.8828125,8070.3125,0,-0.3979470386,-1,dead
235.8476502,5671.963556,0,-0.4056115941,-1,dead
239.8982367,9569.218184,0,-0.4064087181,-1,dead
238.3007812,9136.71875,0,-0.4072554708,-1,dead
289.4401516,8670.405214,0,-0.4073641419,-1,dead
287.34375,10718.75,0,-0.4101025296,-1,dead
280.9863116,7538.804373,0,-0.4101618174,-1,dead
283.3958346,7847.019632,0,-0.4104247937,-1,dead
264.916419,5787.655656,0,-0.4122948886,-1,dead
293.2365862,9534.495622,0,-0.4129795669,-1,dead
236.265888,6709.557449,0,-0.4141620961,-1,dead
278.6242549,7243.976623,0,-0.4150313667,-1,dead
288.2765575,10584.59327,0,-0.4151409627,-1,dead
256.8818225,5068.745165,0,-0.4234386538,-1,dead
269.4959606,6223.827815,0,-0.4241899723,-1,dead
274.4637658,6742.371974,0,-0.4290029828,-1,dead
235.6456815,5629.532672,0,-0.4303463999,-1,dead
257.5639161,5110.071119,0,-0.4354880885,-1,dead
237.0703125,7882.8125,0,-0.439720008,-1,dead
274.3359375,6710.9375,0,-0.4397714715,-1,dead
235.8398438,6300.78125,0,-0.4417790614,-1,dead
238.2218867,9270.655642,0,-0.4435865275,-1,dead
293.9059584,9778.136698,0,-0.4505285627,-1,dead
284.53125,7906.25,0,-0.4518722127,-1,dead
272.741834,6520.567948,0,-0.4524526471,-1,dead
278.7566091,7173.653854,0,-0.4634899052,-1,dead
262.734375,5515.625,0,-0.4635771155,-1,dead
295.078125,9359.375,0,-0.4636826912,-1,dead
288.7579231,10962.25556,0,-0.4658375965,-1,dead
295.7074813,9503.41348,0,-0.4686665397,-1,dead
291.7382812,10449.21875,0,-0.471778768,-1,dead
261.1523438,5363.28125,0,-0.4727511695,-1,dead
293.4960938,10144.53125,0,-0.4748225954,-1,dead
242.3318193,10433.61304,0,-0.4761225698,-1,dead
295.6054688,9628.90625,0,-0.4766452941,-1,dead
289.3890942,8496.038062,0,-0.4776091339,-1,dead
287.8710938,8269.53125,0,-0.4909009137,-1,dead
291.3867188,10847.65625,0,-0.5008553779,-1,dead
240.4101562,10027.34375,0,-0.5028561681,-1,dead
236.1914062,7308.59375,0,-0.503249317,-1,dead
273.4391159,6504.076739,0,-0.5080719562,-1,dead
277.2083315,6911.141975,0,-0.5134942224,-1,dead
276.0292749,6779.291877,0,-0.5141099299,-1,dead
293.7265861,10497.08179,0,-0.5155484995,-1,dead
282.9573009,7584.315344,0,-0.5174128783,-1,dead
237.4298351,8792.037218,0,-0.5177235858,-1,dead
265.7226562,5714.84375,0,-0.5210056515,-1,dead
236.0876347,7326.386456,0,-0.5244540266,-1,dead
287.9359512,8197.617746,0,-0.5279166348,-1,dead
295.78125,10156.25,0,-0.529112788,-1,dead
241.9921875,10554.6875,0,-0.5317549972,-1,dead
266.25,5750,0,-0.5323484649,-1,dead
236.71875,8093.75,0,-0.5335102399,-1,dead
237.5976562,9089.84375,0,-0.5348670176,-1,dead
294.0234375,10648.4375,0,-0.5406718731,-1,dead
236.9176752,8401.793167,0,-0.5458584125,-1,dead
281.015625,7296.875,0,-0.5461704717,-1,dead
242.5195312,10730.46875,0,-0.5461773331,-1,dead
294.7265625,10601.5625,0,-0.5481527565,-1,dead
292.96875,8843.75,0,-0.5485764813,-1,dead
298.2421875,9804.6875,0,-0.559305238,-1,dead
296.2891458,10401.47424,0,-0.5596307627,-1,dead
234.7851562,5902.34375,0,-0.5666789718,-1,dead
235.3125,6687.5,0,-0.5669179308,-1,dead
276.5247939,6721.316845,0,-0.5806687908,-1,dead
298.7695312,9980.46875,0,-0.5832503961,-1,dead
296.7517404,10530.05776,0,-0.5855257151,-1,dead
234.4564756,5424.53644,0,-0.5878769785,-1,dead
283.6320068,7530.297617,0,-0.5909196069,-1,dead
234.5231387,5727.1251,0,-0.593226831,-1,dead
269.2382812,5949.21875,0,-0.5959289778,-1,dead
238.4765625,9851.5625,0,-0.5980026863,-1,dead
298.7948523,10170.33455,0,-0.5990326451,-1,dead
297.7148438,10425.78125,0,-0.5998548378,-1,dead
280.1367188,7097.65625,0,-0.6010539156,-1,dead
296.6601562,10777.34375,0,-0.6065275201,-1,dead
279.1604027,6962.855964,0,-0.6139847501,-1,dead
271.5234375,6148.4375,0,-0.6141014001,-1,dead
291.9140625,8539.0625,0,-0.6209041564,-1,dead
299.6306525,9577.422449,0,-0.6548224452,-1,dead
298.8043625,10882.72412,0,-0.6612467803,-1,dead
233.8912802,5258.804168,0,-0.664478014,-1,dead
295.8085696,8990.241008,0,-0.6645232773,-1,dead
233.90625,5281.25,0,-0.6649195864,-1,dead
237.5403348,9758.304934,0,-0.6651484371,-1,dead
299.8315272,10641.51629,0,-0.6670852101,-1,dead
236.5429688,8691.40625,0,-0.6723286401,-1,dead
237.7734375,9898.4375,0,-0.6762725186,-1,dead
299.296875,10953.125,0,-0.6775007222,-1,dead
239.3554688,10378.90625,0,-0.6850658816,-1,dead
296.9571766,9104.614592,0,-0.6878839035,-1,dead
234.9609375,7085.9375,0,-0.6909972493,-1,dead
272.2265625,6101.5625,0,-0.6970995046,-1,dead
233.7304688,5503.90625,0,-0.7015093024,-1,dead
269.4747778,5830.567386,0,-0.7021358631,-1,dead
293.4322682,8573.816486,0,-0.7023530658,-1,dead
274.1601562,6277.34375,0,-0.7086586115,-1,dead
233.538027,5323.693034,0,-0.7193524832,-1,dead
275.1450429,6358.869532,0,-0.7243352897,-1,dead
298.0664062,9183.59375,0,-0.7246609846,-1,dead
284.3554688,7378.90625,0,-0.7249431579,-1,dead
235.1422149,7490.168179,0,-0.7270935364,-1,dead
292.9343982,8456.48852,0,-0.7273382705,-1,dead
288.3988007,7848.271088,0,-0.7368655145,-1,dead
283.6731392,7270.31314,0,-0.74110221,-1,dead
287.5195312,7730.46875,0,-0.7424327863,-1,dead
239.7067631,10694.755,0,-0.7448392668,-1,dead
290.859375,8140.625,0,-0.7469436224,-1,dead
288.8534771,7870.736917,0,-0.7536061659,-1,dead
277.3242188,6535.15625,0,-0.7587850284,-1,dead
290.0155592,7996.411235,0,-0.7649370149,-1,dead
296.3085938,8832.03125,0,-0.7721646941,-1,dead
276.796875,6453.125,0,-0.7770447558,-1,dead
263.7762411,5216.614005,0,-0.7810467719,-1,dead
277.5,6500,0,-0.796627932,-1,dead
286.9921875,7554.6875,0,-0.8053718844,-1,dead
287.2279342,7569.792364,0,-0.8087762189,-1,dead
232.8987544,5421.022417,0,-0.823763948,-1,dead
263.7890625,5164.0625,0,-0.8270489294,-1,dead
239.53125,10906.25,0,-0.8286898316,-1,dead
278.0273438,6488.28125,0,-0.8426442302,-1,dead
293.8476562,8339.84375,0,-0.8493667481,-1,dead
298.9453125,9007.8125,0,-0.8626195145,-1,dead
238.4920168,10767.56092,0,-0.8673084254,-1,dead
280.4882812,6699.21875,0,-0.8747165241,-1,dead
280.408278,6682.297395,0,-0.8819150034,-1,dead
268.0078125,5445.3125,0,-0.9022374761,-1,dead
234.4335938,7707.03125,0,-0.9056164333,-1,dead
282.7734375,6898.4375,0,-0.9082968448,-1,dead
291.2109375,7835.9375,0,-0.9388472896,-1,dead
235.8358599,9309.450329,0,-0.9393929196,-1,dead
270.9960938,5644.53125,0,-0.9619687505,-1,dead
297.1875,8562.5,0,-0.9625967681,-1,dead
232.1776182,5616.380229,0,-0.9653689162,-1,dead
235.6640625,9289.0625,0,-0.9738013031,-1,dead
292.8139065,7960.454585,0,-0.9792588893,-1,dead
232.8515625,6476.5625,0,-0.9854331287,-1,dead
283.4765625,6851.5625,0,-0.991587577,-1,dead
298.9633564,8749.187701,0,-0.9916917065,-1,dead
265.0693394,5073.71554,0,-1.001791762,-1,dead
267.1289062,5246.09375,0,-1.003222867,-1,dead
285.4101562,7027.34375,0,-1.017014397,-1,dead
237.2460938,10894.53125,0,-1.023182715,-1,dead
282.1952665,6663.508497,0,-1.02757928,-1,dead
275.2148438,5925.78125,0,-1.056016084,-1,dead
284.223932,6795.536369,0,-1.084815754,-1,dead
235.4882812,9699.21875,0,-1.095767846,-1,dead
288.046875,7203.125,0,-1.096997541,-1,dead
236.015625,10296.875,0,-1.103756016,-1,dead
234.0820312,8292.96875,0,-1.107019662,-1,dead
233.203125,7484.375,0,-1.1180361,-1,dead
273.28125,5656.25,0,-1.121265018,-1,dead
234.609375,8890.625,0,-1.122246162,-1,dead
296.8359375,8210.9375,0,-1.127584197,-1,dead
232.1484375,6523.4375,0,-1.133891626,-1,dead
236.0492714,10504.24676,0,-1.137575929,-1,dead
231.09375,5468.75,0,-1.141506475,-1,dead
234.343759,8746.897378,0,-1.146823683,-1,dead
230.9179688,5316.40625,0,-1.151923094,-1,dead
231.9726562,6464.84375,0,-1.158553829,-1,dead
233.4528467,7968.730711,0,-1.172574054,-1,dead
280.6640625,6289.0625,0,-1.188670158,-1,dead
273.0720513,5557.912914,0,-1.190341333,-1,dead
270.5153749,5328.1111,0,-1.191079021,-1,dead
291.5625,7437.5,0,-1.207620598,-1,dead
298.9955835,8341.967927,0,-1.212428602,-1,dead
233.0270482,7872.435072,0,-1.245549988,-1,dead
294.1992188,7660.15625,0,-1.263182238,-1,dead
235.1367188,10097.65625,0,-1.265557405,-1,dead
233.5546875,8492.1875,0,-1.26902717,-1,dead
233.8581221,8861.136733,0,-1.28556005,-1,dead
297.3331569,7979.091015,0,-1.300043238,-1,dead
233.6389518,8705.213105,0,-1.303306268,-1,dead
294.9023438,7613.28125,0,-1.348156464,-1,dead
286.4648438,6675.78125,0,-1.34822342,-1,dead
234.7000228,10019.48097,0,-1.353678818,-1,dead
231.4399042,6891.839334,0,-1.36696021,-1,dead
296.484375,7765.625,0,-1.370623078,-1,dead
272.1562716,5253.052147,0,-1.39875424,-1,dead
269.765625,5046.875,0,-1.409385294,-1,dead
279.609375,5890.625,0,-1.420019489,-1,dead
232.8004507,8383.527142,0,-1.42178033,-1,dead
230.0390625,5914.0625,0,-1.438796753,-1,dead
299.8242188,8035.15625,0,-1.460620177,-1,dead
290.6835938,6957.03125,0,-1.472706303,-1,dead
299.4726562,7964.84375,0,-1.474091129,-1,dead
231.6210938,7519.53125,0,-1.482598869,-1,dead
282.5976562,6089.84375,0,-1.495048118,-1,dead
283.3007812,6136.71875,0,-1.513431013,-1,dead
276.2695312,5480.46875,0,-1.519652894,-1,dead
289.453125,6734.375,0,-1.54104059,-1,dead
293.3203125,7132.8125,0,-1.55633775,-1,dead
232.5833426,8726.413246,0,-1.55707644,-1,dead
285.9375,6312.5,0,-1.581922564,-1,dead
229.2452488,5896.500752,0,-1.612172909,-1,dead
234.2578125,10695.3125,0,-1.614221334,-1,dead
273.1054688,5128.90625,0,-1.615101119,-1,dead
293.5727542,7051.786295,0,-1.63666043,-1,dead
233.0273438,9488.28125,0,-1.641883278,-1,dead
275.7421875,5304.6875,0,-1.65642053,-1,dead
290.1966655,6651.04339,0,-1.660817895,-1,dead
284.7454794,6080.882326,0,-1.67977722,-1,dead
297.5390625,7414.0625,0,-1.696452384,-1,dead
278.5546875,5492.1875,0,-1.707480236,-1,dead
227.9296875,5117.1875,0,-1.716200153,-1,dead
228.4570312,5667.96875,0,-1.730316675,-1,dead
277.3964519,5368.036585,0,-1.736763083,-1,dead
295.9570312,7167.96875,0,-1.747495273,-1,dead
281.5429688,5691.40625,0,-1.768869302,-1,dead
228.984375,6265.625,0,-1.770126054,-1,dead
229.5117188,6722.65625,0,-1.771930056,-1,dead
232.5,9500,0,-1.774811973,-1,dead
229.8632812,7074.21875,0,-1.782819443,-1,dead
273.7781499,5044.283061,0,-1.789644858,-1,dead
233.3789062,10496.09375,0,-1.798873817,-1,dead
231.2695312,8480.46875,0,-1.82372119,-1,dead
230.390625,7671.875,0,-1.824535746,-1,dead
232.3242188,9535.15625,0,-1.827190013,-1,dead
277.8345392,5297.627946,0,-1.863001012,-1,dead
285.5859375,5960.9375,0,-1.863291263,-1,dead
230.7421875,8304.6875,0,-1.908181785,-1,dead
292.4414062,6558.59375,0,-1.925858586,-1,dead
276.4414564,5152.141815,0,-1.931668506,-1,dead
231.796875,9453.125,0,-1.944157901,-1,dead
285.5824604,5873.337729,0,-1.954258424,-1,dead
289.9804688,6253.90625,0,-1.978384436,-1,dead
279.0820312,5292.96875,0,-1.992910094,-1,dead
292.6171875,6429.6875,0,-2.055063149,-1,dead
283.4356053,5583.982,0,-2.06618858,-1,dead
283.828125,5609.375,0,-2.075680375,-1,dead
227.4023438,6113.28125,0,-2.1174063,-1,dead
298.59375,6968.75,0,-2.120363306,-1,dead
228.4616369,7035.955525,0,-2.129709695,-1,dead
230.116288,8498.858834,0,-2.130552982,-1,dead
295.4296875,6617.1875,0,-2.141854594,-1,dead
228.6328125,7320.3125,0,-2.177108621,-1,dead
290.15625,6031.25,0,-2.220976901,-1,dead
230.2148438,8925.78125,0,-2.227368535,-1,dead
298.4179688,6816.40625,0,-2.235570805,-1,dead
226.6992188,6160.15625,0,-2.31925786,-1,dead
231.4453125,10507.8125,0,-2.3248496,-1,dead
288.5742188,5785.15625,0,-2.358920725,-1,dead
295.2539062,6371.09375,0,-2.362669335,-1,dead
225.8203125,5632.8125,0,-2.379540775,-1,dead
224.9414062,5058.59375,0,-2.423774362,-1,dead
226.875,6875,0,-2.509877521,-1,dead
289.1015625,5726.5625,0,-2.552534698,-1,dead
228.1054688,8128.90625,0,-2.582545609,-1,dead
227.7539062,7871.09375,0,-2.598365411,-1,dead
230.5664062,10683.59375,0,-2.62798316,-1,dead
229.1601562,9277.34375,0,-2.632831498,-1,dead
281.71875,5093.75,0,-2.633743245,-1,dead
226.947221,7289.751454,0,-2.634667531,-1,dead
226.171875,6828.125,0,-2.698799946,-1,dead
228.28125,8656.25,0,-2.702371935,-1,dead
229.3359375,9710.9375,0,-2.714535975,-1,dead
228.6228998,9024.681331,0,-2.714711988,-1,dead
229.6875,10062.5,0,-2.716346405,-1,dead
286.8164062,5433.59375,0,-2.719558286,-1,dead
293.1445312,5855.46875,0,-2.843009097,-1,dead
297.890625,6171.875,0,-2.980422593,-1,dead
224.0625,5937.5,0,-2.989638681,-1,dead
285.0585938,5082.03125,0,-3.045692248,-1,dead
225.6445312,7355.46875,0,-3.048624297,-1,dead
228.8085938,10332.03125,0,-3.067385957,-1,dead
223.1835938,5457.03125,0,-3.080788877,-1,dead
287.6953125,5257.8125,0,-3.083785974,-1,dead
292.0898438,5550.78125,0,-3.168678655,-1,dead
227.2265625,9101.5625,0,-3.175685516,-1,dead
223.7109375,6335.9375,0,-3.266226943,-1,dead
224.5898438,7050.78125,0,-3.267678515,-1,dead
296.1328125,5820.3125,0,-3.268523224,-1,dead
298.7322587,6001.424776,0,-3.330560232,-1,dead
299.1210938,6019.53125,0,-3.354431609,-1,dead
221.953125,5234.375,0,-3.370348305,-1,dead
225.9960938,8644.53125,0,-3.408985805,-1,dead
226.5234375,9148.4375,0,-3.417979514,-1,dead
225.1171875,7929.6875,0,-3.43908056,-1,dead
223.5351562,6652.34375,0,-3.456660368,-1,dead
224.8725664,7805.216955,0,-3.465896158,-1,dead
224.765625,8046.875,0,-3.594796474,-1,dead
225.0084208,8265.165448,0,-3.596910086,-1,dead
227.578125,10859.375,0,-3.631127739,-1,dead
226.3476562,9839.84375,0,-3.711380555,-1,dead
291.0351562,5152.34375,0,-3.724421497,-1,dead
293.671875,5328.125,0,-3.764694997,-1,dead
294.375,5375,0,-3.777418046,-1,dead
226.0529294,9786.003111,0,-3.795859592,-1,dead
224.1696896,8118.998963,0,-3.83033653,-1,dead
297.3632812,5574.21875,0,-3.840082452,-1,dead
223.6663544,8191.199811,0,-4.034352642,-1,dead
220.546875,5703.125,0,-4.072529182,-1,dead
225.1519009,9721.968726,0,-4.093292589,-1,dead
226.1321437,10761.71592,0,-4.103551726,-1,dead
224.2382812,8949.21875,0,-4.129481181,-1,dead
222.65625,7531.25,0,-4.132623987,-1,dead
225.46875,10343.75,0,-4.200259539,-1,dead
222.4804688,7753.90625,0,-4.289618072,-1,dead
223.0078125,8445.3125,0,-4.381367575,-1,dead
221.6015625,7226.5625,0,-4.386422619,-1,dead
218.9648438,5175.78125,0,-4.417637199,-1,dead
223.8867188,9347.65625,0,-4.418076898,-1,dead
295.0064406,5116.250365,0,-4.418258546,-1,dead
225.2929688,10941.40625,0,-4.471346078,-1,dead
224.4140625,10039.0625,0,-4.475877909,-1,dead
297.0117188,5222.65625,0,-4.510952211,-1,dead
220.0195312,6230.46875,0,-4.526794784,-1,dead
219.7031821,6031.186556,0,-4.564365742,-1,dead
221.0742188,7285.15625,0,-4.617326803,-1,dead
222.1289062,8246.09375,0,-4.641082308,-1,dead
219.4921875,6054.6875,0,-4.641759757,-1,dead
220.6434806,7020.026867,0,-4.667060193,-1,dead
220.1953125,6757.8125,0,-4.724265701,-1,dead
223.359375,9640.625,0,-4.732781748,-1,dead
223.2254155,9796.762014,0,-4.836037457,-1,dead
217.9101562,5527.34375,0,-5.024984708,-1,dead
219.3164062,6933.59375,0,-5.169361881,-1,dead
221.6846779,9137.820655,0,-5.199327856,-1,dead
221.25,8750,0,-5.211253822,-1,dead
218.5639643,6425.596608,0,-5.230388122,-1,dead
222.8320312,10542.96875,0,-5.284296768,-1,dead
220.7226562,8714.84375,0,-5.413320392,-1,dead
299.6484375,5023.4375,0,-5.435015321,-1,dead
222.3046875,10742.1875,0,-5.577891408,-1,dead
221.7773438,10238.28125,0,-5.609159298,-1,dead
216.8554688,5878.90625,0,-5.683319213,-1,dead
217.5585938,6582.03125,0,-5.76129616,-1,dead
215.9765625,5351.5625,0,-5.763955917,-1,dead
217.03125,6406.25,0,-5.907593454,-1,dead
217.1674518,6555.510961,0,-5.912372089,-1,dead
218.0859375,7460.9375,0,-5.983133162,-1,dead
218.4375,7812.5,0,-5.993654887,-1,dead
220.8984375,10273.4375,0,-5.999007348,-1,dead
218.7890625,8164.0625,0,-6.004730604,-1,dead
219.84375,9218.75,0,-6.024032018,-1,dead
219.6679688,9066.40625,0,-6.029141814,-1,dead
220.3710938,9769.53125,0,-6.032704024,-1,dead
215.2734375,5398.4375,0,-6.154496115,-1,dead
216.328125,7109.375,0,-6.625907264,-1,dead
219.140625,9921.875,0,-6.672876063,-1,dead
217.734375,8515.625,0,-6.683366025,-1,dead
214.6532892,6272.819061,0,-6.984117605,-1,dead
214.7460938,6394.53125,0,-7.012325287,-1,dead
212.9882812,5199.21875,0,-7.177425373,-1,dead
215.8007812,7636.71875,0,-7.208953919,-1,dead
213.515625,5796.875,0,-7.289715396,-1,dead
218.6132812,10824.21875,0,-7.3225912,-1,dead
218.2617188,10472.65625,0,-7.335799352,-1,dead
217.3828125,9570.3125,0,-7.382376839,-1,dead
217.2070312,9417.96875,0,-7.395931567,-1,dead
216.6796875,8867.1875,0,-7.403443149,-1,dead
216.1523438,8363.28125,0,-7.404096014,-1,dead
214.21875,6593.75,0,-7.421911982,-1,dead
215.0976562,7589.84375,0,-7.546902735,-1,dead
212.6367188,5597.65625,0,-7.669314731,-1,dead
215.4492188,8410.15625,0,-7.826596424,-1,dead
214.0429688,7191.40625,0,-7.906298075,-1,dead
216.5039062,10121.09375,0,-8.102913006,-1,dead
211.7578125,6195.3125,0,-8.594251179,-1,dead
213.1640625,7789.0625,0,-8.794158326,-1,dead
214.5703125,9382.8125,0,-8.84050202,-1,dead
215.625,10625,0,-8.851133466,-1,dead
210.8789062,5996.09375,0,-8.995026132,-1,dead
214.3945312,9605.46875,0,-9.050620935,-1,dead
213.6914062,8808.59375,0,-9.052395399,-1,dead
211.5820312,6792.96875,0,-9.101817971,-1,dead
212.109375,7390.625,0,-9.183402005,-1,dead
212.8125,8187.5,0,-9.230373468,-1,dead
214.921875,10578.125,0,-9.230750681,-1,dead
211.0546875,6992.1875,0,-9.586091263,-1,dead
213.8671875,10179.6875,0,-9.687891533,-1,dead
212.4609375,8585.9375,0,-9.697716507,-1,dead
213.3398438,10800.78125,0,-10.33004477,-1,dead
211.9335938,9207.03125,0,-10.40224525,-1,dead
210.5273438,7988.28125,0,-10.60252368,-1,dead
212.2851562,10402.34375,0,-10.81393086,-1,dead
211.40625,9781.25,0,-11.08330258,-1,dead
210.703125,8984.375,0,-11.09727694,-1,dead
211.2304688,10003.90625,0,-11.35496569,-1,dead
210.3515625,10976.5625,0,-12.53309176,-1,dead
249.6504136,10082.21962,0,-0.02219611234,-1,rejected
273.5353354,9764.71292,0,-0.02767159717,-1,rejected
269.126891,6847.665738,0,-0.03707621174,-1,rejected
249.0588937,10089.71603,0,-0.04357814371,-1,rejected
269.7860941,6886.139933,0,-0.05625027392,-1,rejected
282.2296437,8516.882823,0,-0.06691722718,-1,rejected
268.0681119,6665.896454,0,-0.06761094746,-1,rejected
272.8814111,10139.67502,0,-0.06996320591,-1,rejected
238.5506917,6247.808549,0,-0.07404092181,-1,rejected
251.1762087,10535.81501,0,-0.08283818012,-1,rejected
274.0525661,10105.17059,0,-0.08637259752,-1,rejected
255.0899305,10972.90486,0,-0.08729744893,-1,rejected
250.7081355,10533.87448,0,-0.09473714619,-1,rejected
278.0848275,9658.058355,0,-0.09758160111,-1,rejected
279.5369338,7991.910647,0,-0.1069634731,-1,rejected
245.2416463,9691.600895,0,-0.1089849863,-1,rejected
272.5098339,10491.18323,0,-0.1115250644,-1,rejected
279.5559021,9516.759125,0,-0.1131685913,-1,rejected
243.5419624,9381.686128,0,-0.1135829176,-1,rejected
273.0480075,10459.44857,0,-0.1142317282,-1,rejected
246.6229007,9974.868158,0,-0.1150049374,-1,rejected
282.9569833,8878.894377,0,-0.1183106276,-1,rejected
240.0974159,8671.987621,0,-0.1193605981,-1,rejected
279.3276986,9631.196496,0,-0.1241879613,-1,rejected
273.841339,7231.81249,0,-0.1265460023,-1,rejected
277.7333487,7711.826863,0,-0.1293471806,-1,rejected
239.043787,8060.719517,0,-0.1318358944,-1,rejected
279.0468421,9842.698271,0,-0.1397453618,-1,rejected
250.6739874,10726.04231,0,-0.1399216163,-1,rejected
273.1834785,10621.64094,0,-0.1402323026,-1,rejected
280.3469126,9667.083358,0,-0.1491605124,-1,rejected
272.8760178,10721.53708,0,-0.1509787175,-1,rejected
258.4300752,5562.141082,0,-0.1527676822,-1,rejected
238.4378593,5282.466061,0,-0.1535363669,-1,rejected
278.8563598,9956.843184,0,-0.1552049062,-1,rejected
268.4386899,6548.628701,0,-0.1558495354,-1,rejected
257.5264811,5473.470047,0,-0.1581151901,-1,rejected
266.4703317,6334.821577,0,-0.159050357,-1,rejected
283.8244237,8441.919472,0,-0.1657785815,-1,rejected
285.1476626,8922.592662,0,-0.1679606899,-1,rejected
237.7402273,5939.416645,0,-0.1691416686,-1,rejected
243.4982995,9581.850958,0,-0.1735714656,-1,rejected
266.0943364,6271.137492,0,-0.1744370346,-1,rejected
276.310148,10561.08442,0,-0.1812383636,-1,rejected
253.0153262,5081.852464,0,-0.1835470583,-1,rejected
248.2167676,10541.76619,0,-0.1891439879,-1,rejected
283.4551813,9493.071622,0,-0.1902596157,-1,rejected
271.1406977,6782.24679,0,-0.1930699272,-1,rejected
281.5530654,9893.076723,0,-0.1992077643,-1,rejected
248.8335848,10713.14127,0,-0.199956515,-1,rejected
250.1508335,10930.03627,0,-0.2009019859,-1,rejected
240.7881921,9116.23214,0,-0.2019827253,-1,rejected
242.1679377,9402.698257,0,-0.2028105321,-1,rejected
285.5752408,8601.976865,0,-0.2038274213,-1,rejected
245.4340726,10116.4806,0,-0.2046453033,-1,rejected
237.8484385,7061.856572,0,-0.2063392498,-1,rejected
271.6408029,6814.850273,0,-0.2067557447,-1,rejected
264.7082724,6072.227385,0,-0.2092385522,-1,rejected
277.4001411,10641.03288,0,-0.2130198175,-1,rejected
267.426701,6313.331006,0,-0.2312847073,-1,rejected
286.7723407,9287.581844,0,-0.2386304906,-1,rejected
282.8058514,10015.10981,0,-0.2398512231,-1,rejected
276.5230661,10941.66203,0,-0.2404659121,-1,rejected
271.2746654,6702.730257,0,-0.2464372144,-1,rejected
248.292346,10819.89083,0,-0.2471981938,-1,rejected
279.6850826,10620.19346,0,-0.2544976205,-1,rejected
281.8730973,10359.08536,0,-0.257430612,-1,rejected
247.777993,10821.35737,0,-0.2689756099,-1,rejected
236.9833942,6219.876627,0,-0.2701485444,-1,rejected
278.7528902,10935.46788,0,-0.2752597003,-1,rejected
259.9424045,5518.042773,0,-0.2761944613,-1,rejected
281.4246431,10554.64052,0,-0.2765225997,-1,rejected
279.4956184,10851.74983,0,-0.277247441,-1,rejected
283.0734493,10321.72323,0,-0.2782296717,-1,rejected
238.6445583,8730.202441,0,-0.2851542966,-1,rejected
279.8872403,10903.38527,0,-0.2894041786,-1,rejected
288.1104577,9501.788692,0,-0.2937508345,-1,rejected
278.9183476,7507.463348,0,-0.2958703036,-1,rejected
236.7206964,5960.642085,0,-0.2964419449,-1,rejected
281.1779693,10747.79664,0,-0.2974099687,-1,rejected
287.0758477,9740.794355,0,-0.2982899112,-1,rejected
238.790146,8981.966347,0,-0.3035379394,-1,rejected
287.9754322,9653.044187,0,-0.3055847715,-1,rejected
284.2231098,10364.0795,0,-0.3065610531,-1,rejected
280.7941599,10896.48316,0,-0.3103707455,-1,rejected
288.3845649,9640.081073,0,-0.3112174949,-1,rejected
270.6616345,6518.727192,0,-0.3166671216,-1,rejected
286.6964798,10008.6661,0,-0.3195881742,-1,rejected
246.436799,10748.89279,0,-0.3196544529,-1,rejected
281.4493199,10952.37651,0,-0.3239361329,-1,rejected
282.6801305,10764.61066,0,-0.3267821002,-1,rejected
266.2999687,6047.124018,0,-0.3276175198,-1,rejected
244.3213086,10373.91135,0,-0.3375051353,-1,rejected
284.5217013,10585.39549,0,-0.3409702813,-1,rejected
287.7525397,10064.1028,0,-0.3448286322,-1,rejected
281.3836591,7718.374013,0,-0.3480188292,-1,rejected
288.3804509,9982.492188,0,-0.3485950598,-1,rejected
238.1967623,8640.807216,0,-0.3537811716,-1,rejected
244.5893433,10514.84902,0,-0.3609342383,-1,rejected
285.8192526,8271.199451,0,-0.3620494354,-1,rejected
286.4911284,8352.948791,0,-0.3627783404,-1,rejected
283.8953295,10911.48557,0,-0.3653650941,-1,rejected
246.6297123,10973.99639,0,-0.367421385,-1,rejected
290.7843174,9699.186981,0,-0.3692488101,-1,rejected
270.0064596,6358.154631,0,-0.3710069438,-1,rejected
263.8665945,5745.435586,0,-0.3714013828,-1,rejected
290.1116759,9893.063119,0,-0.3748420155,-1,rejected
237.4981285,7954.529216,0,-0.3754030783,-1,rejected
236.0751278,5827.240205,0,-0.3783815835,-1,rejected
286.8934078,10584.74858,0,-0.3843357379,-1,rejected
244.584011,10647.41485,0,-0.3913401244,-1,rejected
269.6286257,6287.17341,0,-0.3923905187,-1,rejected
240.2778375,9654.516311,0,-0.3975329691,-1,rejected
241.2752162,9921.744645,0,-0.4044253004,-1,rejected
240.7315615,9804.074131,0,-0.4134956096,-1,rejected
237.9166371,8769.109478,0,-0.4203850193,-1,rejected
291.3408299,10087.88761,0,-0.4231914338,-1,rejected
235.7082946,5762.45065,0,-0.4263251021,-1,rejected
291.3189301,10157.96685,0,-0.426882615,-1,rejected
237.3038025,8085.760381,0,-0.4280926161,-1,rejected
287.2504968,10924.71862,0,-0.4342558422,-1,rejected
289.2785801,8576.512291,0,-0.4352057337,-1,rejected
291.3044931,10266.62667,0,-0.440739182,-1,rejected
279.034599,7245.858277,0,-0.4440682744,-1,rejected
239.5260783,9658.446879,0,-0.4580939178,-1,rejected
237.5360285,8584.674392,0,-0.4606268047,-1,rejected
273.0406192,6537.250388,0,-0.4616506513,-1,rejected
236.1626765,6950.702927,0,-0.4617632398,-1,rejected
243.4960176,10649.95625,0,-0.4629557655,-1,rejected
278.2903238,7113.281943,0,-0.4686161166,-1,rejected
292.8925072,10217.96649,0,-0.4700184597,-1,rejected
281.9455093,7523.669733,0,-0.4805129163,-1,rejected
285.679542,7988.871483,0,-0.4838716603,-1,rejected
236.0487801,6995.063923,0,-0.4866637249,-1,rejected
281.2075644,7422.114636,0,-0.488156708,-1,rejected
268.0795447,5980.263644,0,-0.4908797158,-1,rejected
237.9204483,9240.023404,0,-0.501720093,-1,rejected
276.7983097,6884.131298,0,-0.5024246205,-1,rejected
259.748158,5202.663517,0,-0.505819646,-1,rejected
294.7743295,10227.56183,0,-0.5107598084,-1,rejected
278.6881106,7077.012094,0,-0.5161268684,-1,rejected
276.5441957,6829.212005,0,-0.5186537752,-1,rejected
263.8438099,5544.196608,0,-0.518905006,-1,rejected
297.1186529,9492.606026,0,-0.5326012718,-1,rejected
294.4243129,10548.49293,0,-0.5351467786,-1,rejected
235.5636179,6755.731294,0,-0.5373990892,-1,rejected
236.5110073,7895.941285,0,-0.5395659267,-1,rejected
278.7882979,7035.481657,0,-0.5438721068,-1,rejected
283.0777146,7530.425533,0,-0.5507243756,-1,rejected
267.7091704,5847.71514,0,-0.5608884717,-1,rejected
295.0747543,10778.66405,0,-0.5685087777,-1,rejected
236.0573147,7591.876126,0,-0.5762229648,-1,rejected
237.7010946,9489.545696,0,-0.5825491232,-1,rejected
238.2204438,9724.841828,0,-0.586995957,-1,rejected
234.9751617,6402.149871,0,-0.5914469176,-1,rejected
234.9554284,6401.42803,0,-0.5919329083,-1,rejected
298.8419936,10062.59384,0,-0.5929105854,-1,rejected
271.0449157,6130.973802,0,-0.5936087684,-1,rejected
237.5918317,9448.53291,0,-0.6017253562,-1,rejected
237.1952772,9030.075452,0,-0.607329517,-1,rejected
238.5093805,9926.923806,0,-0.6172192274,-1,rejected
299.6407486,10142.16189,0,-0.6187550559,-1,rejected
271.9976529,6179.292428,0,-0.6264107419,-1,rejected
289.592732,8196.677346,0,-0.6350527159,-1,rejected
265.0246902,5500.373291,0,-0.637029852,-1,rejected
234.0658739,5158.44411,0,-0.6407967014,-1,rejected
297.5130242,10929.97089,0,-0.6415509948,-1,rejected
237.0166869,9068.287395,0,-0.6468210184,-1,rejected
281.3180521,7152.747236,0,-0.6472879249,-1,rejected
236.2247686,8245.117393,0,-0.6508325918,-1,rejected
235.5940353,7531.096924,0,-0.6518373132,-1,rejected
270.3294733,5963.921812,0,-0.6629092065,-1,rejected
283.1095701,7330.39432,0,-0.6662816944,-1,rejected
284.7055691,7522.462153,0,-0.6665909497,-1,rejected
267.0092206,5638.567757,0,-0.6706603824,-1,rejected
261.8178999,5171.197387,0,-0.6801991139,-1,rejected
233.8164912,5482.580987,0,-0.6869152837,-1,rejected
271.1240535,6001.768538,0,-0.6914589434,-1,rejected
293.5519779,8607.467048,0,-0.6955764039,-1,rejected
281.6355363,7098.754281,0,-0.700920018,-1,rejected
240.0054035,10625.61913,0,-0.7084559835,-1,rejected
233.6054869,5344.335324,0,-0.7094187066,-1,rejected
239.7384513,10567.98524,0,-0.7132351906,-1,rejected
289.5629292,8024.12854,0,-0.7218686464,-1,rejected
240.3467967,10794.62459,0,-0.7252001692,-1,rejected
233.4445056,5150.399126,0,-0.7256768434,-1,rejected
235.7771256,8170.996364,0,-0.7279207622,-1,rejected
273.2115807,6149.134382,0,-0.7330940079,-1,rejected
277.1043879,6547.493989,0,-0.7331551812,-1,rejected
236.6509731,9154.730118,0,-0.7347606504,-1,rejected
239.2028501,10523.55824,0,-0.7407734881,-1,rejected
275.0298193,6314.840903,0,-0.7481664388,-1,rejected
234.4311299,6876.422871,0,-0.755909602,-1,rejected
275.7877903,6371.344605,0,-0.7597226765,-1,rejected
290.1797431,8025.855717,0,-0.7605052004,-1,rejected
234.2958428,6759.034424,0,-0.7621037112,-1,rejected
237.1332117,9823.469861,0,-0.7656246209,-1,rejected
293.1426444,8357.843809,0,-0.790599414,-1,rejected
287.0285001,7576.653652,0,-0.7921100205,-1,rejected
236.2047313,9024.624946,0,-0.8065418666,-1,rejected
296.2321551,8744.668748,0,-0.8095440668,-1,rejected
236.7010129,9615.015895,0,-0.8137111157,-1,rejected
269.7866213,5701.458411,0,-0.8245022181,-1,rejected
297.7173747,8890.125383,0,-0.834427294,-1,rejected
290.3021813,7887.913602,0,-0.8442048669,-1,rejected
288.7586983,7689.109153,0,-0.850880432,-1,rejected
274.970712,6161.892541,0,-0.8511287748,-1,rejected
286.5700921,7418.507697,0,-0.8531802775,-1,rejected
295.2011532,8496.57604,0,-0.8573896894,-1,rejected
283.2950271,7029.494509,0,-0.860706431,-1,rejected
272.4817758,5909.929341,0,-0.8611368194,-1,rejected
233.9044296,6906.540928,0,-0.8617750418,-1,rejected
289.4866055,7733.691425,0,-0.8732388181,-1,rejected
236.2904014,9474.26689,0,-0.8745269449,-1,rejected
268.904857,5550.645494,0,-0.8831794911,-1,rejected
298.4852398,8896.561413,0,-0.8841492714,-1,rejected
232.7265229,5778.205567,0,-0.892973771,-1,rejected
234.765244,8071.982376,0,-0.9166978737,-1,rejected
234.5349448,7872.541919,0,-0.9235039207,-1,rejected
279.7874419,6543.314206,0,-0.9331010619,-1,rejected
281.7631908,6746.853472,0,-0.9360101157,-1,rejected
235.2104065,8639.639799,0,-0.9375484114,-1,rejected
292.6866885,8020.65343,0,-0.9387322796,-1,rejected
236.3062508,9839.303242,0,-0.94125576,-1,rejected
232.1701847,5382.015058,0,-0.9421911083,-1,rejected
294.0533175,8175.244624,0,-0.9482402016,-1,rejected
298.7341902,8794.687419,0,-0.9508159146,-1,rejected
266.9595553,5284.3997,0,-0.9553350073,-1,rejected
235.6259025,9237.074502,0,-0.9699381011,-1,rejected
232.5851304,6142.498694,0,-0.9727734738,-1,rejected
233.6136206,7222.235152,0,-0.9799191376,-1,rejected
285.3576662,7079.787077,0,-0.9806613623,-1,rejected
232.1225059,5767.769517,0,-0.9982322553,-1,rejected
281.2078425,6590.472554,0,-1.004755888,-1,rejected
280.0315071,6460.893309,0,-1.008198492,-1,rejected
231.9436788,5669.868911,0,-1.01508444,-1,rejected
275.2654925,5947.903644,0,-1.041011173,-1,rejected
234.2359811,8227.288171,0,-1.059641343,-1,rejected
235.7455265,9799.220175,0,-1.062244758,-1,rejected
296.4183578,8271.109128,0,-1.063054851,-1,rejected
278.5125234,6234.915536,0,-1.063773098,-1,rejected
283.3377494,6726.335726,0,-1.068247976,-1,rejected
299.842159,8703.719105,0,-1.074298813,-1,rejected
236.0985899,10253.68084,0,-1.077842509,-1,rejected
231.569106,5669.724319,0,-1.085725102,-1,rejected
270.7061409,5460.845711,0,-1.08979818,-1,rejected
272.3578614,5608.701362,0,-1.089911754,-1,rejected
288.4361485,7224.4792,0,-1.111668044,-1,rejected
235.1548243,9444.055675,0,-1.118383694,-1,rejected
234.6912052,8964.999181,0,-1.12169099,-1,rejected
271.1748326,5462.357182,0,-1.123155246,-1,rejected
282.7122726,6570.65961,0,-1.131145419,-1,rejected
296.8819367,8201.059214,0,-1.133762797,-1,rejected
232.168196,6657.242224,0,-1.158012604,-1,rejected
280.2799793,6286.594018,0,-1.159352352,-1,rejected
231.4373171,6070.273051,0,-1.183178324,-1,rejected
235.016358,9691.530407,0,-1.204662942,-1,rejected
294.5294536,7786.874954,0,-1.207762787,-1,rejected
270.0020979,5266.417439,0,-1.209104157,-1,rejected
233.9951373,8679.051575,0,-1.210869042,-1,rejected
233.4272092,8226.935602,0,-1.236212605,-1,rejected
281.3557315,6296.972787,0,-1.237538892,-1,rejected
231.1277101,6042.894794,0,-1.241421681,-1,rejected
268.9297245,5102.74975,0,-1.280435761,-1,rejected
293.217211,7487.608675,0,-1.300638799,-1,rejected
234.9432328,10049.87386,0,-1.303647208,-1,rejected
233.5324585,8658.110405,0,-1.31607081,-1,rejected
231.6630917,6915.933032,0,-1.321044293,-1,rejected
232.2480318,7458.65231,0,-1.323871104,-1,rejected
269.3877269,5079.364352,0,-1.344380811,-1,rejected
231.2647207,6659.846364,0,-1.35235752,-1,rejected
229.9088476,5376.921116,0,-1.357788093,-1,rejected
293.9964047,7487.326419,0,-1.360323516,-1,rejected
287.6899201,6767.678693,0,-1.374320632,-1,rejected
232.1834406,7695.383077,0,-1.394357422,-1,rejected
234.0646211,9563.588435,0,-1.398444662,-1,rejected
292.8935991,7292.963378,0,-1.40824222,-1,rejected
296.4827112,7684.719443,0,-1.423368121,-1,rejected
299.7432062,8068.685457,0,-1.431836305,-1,rejected
231.2515852,7032.667291,0,-1.44631987,-1,rejected
233.3008765,9021.2224,0,-1.455049944,-1,rejected
291.7008035,7093.656747,0,-1.456333441,-1,rejected
232.9925837,8764.359032,0,-1.471566681,-1,rejected
279.6986806,5812.200052,0,-1.494575009,-1,rejected
230.650681,6794.267711,0,-1.521845274,-1,rejected
232.7304493,8794.289759,0,-1.535588157,-1,rejected
278.0368056,5612.640189,0,-1.540571392,-1,rejected
292.4054148,6959.068637,0,-1.611839371,-1,rejected
233.7579653,10182.89522,0,-1.620516743,-1,rejected
275.7492089,5323.664485,0,-1.637263608,-1,rejected
289.4262202,6583.031821,0,-1.649856428,-1,rejected
281.5290304,5809.455536,0,-1.653557298,-1,rejected
232.9161353,9468.415724,0,-1.660357327,-1,rejected
229.3826723,6219.263317,0,-1.662574678,-1,rejected
233.3531134,9956.308058,0,-1.6733673,-1,rejected
286.9908091,6296.551554,0,-1.683311655,-1,rejected
296.579113,7313.165707,0,-1.691146669,-1,rejected
232.7407424,9435.002418,0,-1.69370275,-1,rejected
233.70424,10460.20535,0,-1.699611588,-1,rejected
231.6533263,8458.102404,0,-1.715927037,-1,rejected
278.2551019,5439.116944,0,-1.735332795,-1,rejected
233.2734742,10142.42916,0,-1.73563178,-1,rejected
229.3710198,6496.290185,0,-1.739339585,-1,rejected
228.9861573,6172.618471,0,-1.742315081,-1,rejected
231.4547189,8390.609566,0,-1.751264027,-1,rejected
229.9390195,7057.89904,0,-1.760725093,-1,rejected
232.3627592,9312.380705,0,-1.761061624,-1,rejected
282.670467,5750.881014,0,-1.810312475,-1,rejected
229.9118815,7254.893413,0,-1.822769379,-1,rejected
296.0626318,7049.334271,0,-1.840570052,-1,rejected
228.7025382,6303.257309,0,-1.848786534,-1,rejected
279.1661175,5402.494217,0,-1.864293785,-1,rejected
229.8028073,7308.974258,0,-1.865468729,-1,rejected
227.4094991,5387.35486,0,-1.898541131,-1,rejected
232.3664478,10034.10415,0,-1.949853689,-1,rejected
288.1988836,6105.493782,0,-1.962327397,-1,rejected
288.1625282,6096.142857,0,-1.967526746,-1,rejected
227.7248796,5910.603677,0,-1.971655377,-1,rejected
231.0242188,8826.338743,0,-1.985089389,-1,rejected
233.0136858,10909.78506,0,-1.997061516,-1,rejected
291.4757854,6357.17977,0,-2.018515492,-1,rejected
231.5477209,9512.22474,0,-2.030350373,-1,rejected
228.346997,6700.98509,0,-2.055319589,-1,rejected
227.7112726,6174.60928,0,-2.058695955,-1,rejected
294.8202304,6565.415146,0,-2.132284621,-1,rejected
294.2859433,6465.702482,0,-2.176369317,-1,rejected
290.8724675,6109.472435,0,-2.205345569,-1,rejected
226.9504255,6080.700116,0,-2.22073392,-1,rejected
228.6772953,7539.071246,0,-2.22911566,-1,rejected
230.626527,9438.431738,0,-2.263968142,-1,rejected
228.4557039,7654.516275,0,-2.326313901,-1,rejected
286.9941636,5669.848185,0,-2.33314628,-1,rejected
228.8754788,8187.028153,0,-2.376484855,-1,rejected
229.2159094,8514.257409,0,-2.388344117,-1,rejected
229.0712471,8612.744457,0,-2.459378592,-1,rejected
224.8500695,5089.696318,0,-2.461574512,-1,rejected
226.7821174,6731.180989,0,-2.487587564,-1,rejected
228.9265658,8673.730715,0,-2.518442038,-1,rejected
283.6628194,5281.24253,0,-2.575064641,-1,rejected
297.4124943,6358.321628,0,-2.608638185,-1,rejected
230.5394081,10593.67659,0,-2.60890435,-1,rejected
281.1459394,5064.0891,0,-2.612684342,-1,rejected
227.0465596,7433.543852,0,-2.654762071,-1,rejected
284.0211972,5192.900631,0,-2.752248534,-1,rejected
227.4459468,8168.863972,0,-2.786632037,-1,rejected
226.6986327,7549.321116,0,-2.797121982,-1,rejected
294.9651283,6010.326266,0,-2.846694679,-1,rejected
226.0302328,7409.010601,0,-2.950844371,-1,rejected
225.6459612,7174.7199,0,-2.98447851,-1,rejected
287.8626001,5319.505647,0,-3.001531468,-1,rejected
287.9279347,5298.58015,0,-3.042702596,-1,rejected
293.8311386,5772.07675,0,-3.044641352,-1,rejected
227.3156285,8832.139173,0,-3.050139091,-1,rejected
226.5204995,8128.40334,0,-3.056605086,-1,rejected
226.5676961,8212.892122,0,-3.07524087,-1,rejected
223.2478696,5616.227374,0,-3.121253597,-1,rejected
227.1423579,9077.27231,0,-3.189511028,-1,rejected
226.062831,8295.100516,0,-3.26582838,-1,rejected
224.8394163,7388.164037,0,-3.31811034,-1,rejected
297.5767821,5901.794567,0,-3.331985367,-1,rejected
227.476169,9988.217303,0,-3.384839738,-1,rejected
224.2643793,7172.634698,0,-3.425577196,-1,rejected
228.2032148,10897.563,0,-3.437036415,-1,rejected
223.5107081,6762.964586,0,-3.50607094,-1,rejected
222.6395567,6198.975391,0,-3.56453714,-1,rejected
226.7958454,9860.809437,0,-3.56654888,-1,rejected
225.6157925,8794.543401,0,-3.595439742,-1,rejected
223.2050081,6753.452929,0,-3.60319399,-1,rejected
224.9367672,8263.576815,0,-3.619613926,-1,rejected
227.0720905,10334.64619,0,-3.633573648,-1,rejected
224.9252563,8477.200987,0,-3.709576966,-1,rejected
220.6593601,5390.530295,0,-3.883990708,-1,rejected
295.8188706,5426.790017,0,-3.895171567,-1,rejected
222.6050146,7221.955749,0,-4.016594667,-1,rejected
292.8514246,5091.165346,0,-4.110185945,-1,rejected
223.8651453,8657.021136,0,-4.155223639,-1,rejected
220.9402228,6266.154919,0,-4.190183075,-1,rejected
297.8843266,5421.449794,0,-4.199005505,-1,rejected
222.5357475,7589.835557,0,-4.205164708,-1,rejected
220.0040146,5569.101419,0,-4.207756,-1,rejected
221.3265417,6614.476377,0,-4.210618821,-1,rejected
222.5121843,7747.802976,0,-4.275970558,-1,rejected
219.6765042,5500.560054,0,-4.296706282,-1,rejected
220.1641658,5921.731995,0,-4.318751768,-1,rejected
219.3772084,5368.916283,0,-4.340933583,-1,rejected
220.2097606,6051.898522,0,-4.374577267,-1,rejected
220.7519943,6598.162661,0,-4.421203754,-1,rejected
221.8223177,7588.959119,0,-4.468947474,-1,rejected
222.6324089,8392.054565,0,-4.50548219,-1,rejected
225.104288,10892.90601,0,-4.522171914,-1,rejected
223.2117759,9034.580256,0,-4.541822432,-1,rejected
218.3809291,5145.942785,0,-4.617205272,-1,rejected
218.8857911,5574.280793,0,-4.63693689,-1,rejected
219.6811571,6186.731753,0,-4.640003737,-1,rejected
219.2490238,5883.782936,0,-4.666411157,-1,rejected
222.3448065,8530.553212,0,-4.677075203,-1,rejected
222.39432,8627.735041,0,-4.69041426,-1,rejected
224.0080312,10228.09323,0,-4.69747194,-1,rejected
222.1769087,8511.73159,0,-4.731781526,-1,rejected
220.5486132,7117.553802,0,-4.75817225,-1,rejected
220.5576955,7253.582652,0,-4.808056543,-1,rejected
219.0028748,6014.640867,0,-4.823457444,-1,rejected
221.1560622,7837.777389,0,-4.835804633,-1,rejected
221.7324712,8342.93982,0,-4.840094592,-1,rejected
220.7323291,7581.702789,0,-4.892039922,-1,rejected
219.6684403,6753.544788,0,-4.93969977,-1,rejected
217.9708751,5442.001389,0,-4.947752069,-1,rejected
222.2068056,9146.398927,0,-4.983514467,-1,rejected
220.8111973,7893.748152,0,-5.00171319,-1,rejected
221.2268664,8312.352582,0,-5.024890264,-1,rejected
221.3583062,8509.524161,0,-5.053358701,-1,rejected
218.0785353,5876.078606,0,-5.142711452,-1,rejected
219.2866227,6964.859887,0,-5.203448166,-1,rejected
218.9927353,6813.453341,0,-5.245877716,-1,rejected
221.502933,9175.829814,0,-5.290486755,-1,rejected
221.2336472,9017.553788,0,-5.329266205,-1,rejected
221.2536249,9040.18772,0,-5.330557263,-1,rejected
222.4234556,10252.55919,0,-5.336405736,-1,rejected
217.7029355,5988.735091,0,-5.357535139,-1,rejected
216.8789011,5375.690521,0,-5.376258535,-1,rejected
216.455455,5075.259089,0,-5.402078267,-1,rejected
216.3254277,5238.597277,0,-5.547786267,-1,rejected
220.4746851,9070.98632,0,-5.674526059,-1,rejected
219.9703832,8721.344067,0,-5.73948836,-1,rejected
221.2683342,10045.92425,0,-5.752799445,-1,rejected
220.9546736,9738.926024,0,-5.760859574,-1,rejected
219.0552562,8131.067853,0,-5.883341556,-1,rejected
218.2897558,7464.246833,0,-5.892616025,-1,rejected
220.1784362,9685.610744,0,-6.079389434,-1,rejected
215.078262,5165.39627,0,-6.094457763,-1,rejected
218.9279262,8774.165473,0,-6.240570741,-1,rejected
214.6146895,5256.266126,0,-6.372480589,-1,rejected
217.6883111,8041.247765,0,-6.46282615,-1,rejected
218.5786585,9260.19743,0,-6.636683526,-1,rejected
215.2439459,6301.706881,0,-6.708234664,-1,rejected
217.7466545,8897.527471,0,-6.861254475,-1,rejected
212.4637132,5205.350539,0,-7.466907683,-1,rejected
214.7488291,7334.962975,0,-7.586622692,-1,rejected
215.0302893,8155.168196,0,-7.914962225,-1,rejected
212.9951105,6299.210843,0,-7.91757997,-1,rejected
213.7130579,7253.100426,0,-8.121393507,-1,rejected
215.6032268,9250.522019,0,-8.17038561,-1,rejected
214.0796947,7733.364904,0,-8.217066542,-1,rejected
214.1731864,8349.083886,0,-8.492920901,-1,rejected
211.767075,6347.632463,0,-8.675332625,-1,rejected
211.2683959,5923.958829,0,-8.71149629,-1,rejected
213.7766875,8374.351442,0,-8.755914576,-1,rejected
214.1898195,9546.310671,0,-9.145861229,-1,rejected
214.3069386,10195.95773,0,-9.411552143,-1,rejected
210.4934933,6364.761167,0,-9.496606491,-1,rejected
214.0713909,10151.9818,0,-9.538144915,-1,rejected
210.7169748,6661.315591,0,-9.57507953,-1,rejected
212.3967969,8419.234909,0,-9.631483632,-1,rejected
211.2533152,8163.401221,0,-10.2311262,-1,rejected
211.1280252,9265.929908,0,-10.99716319,-1,rejected
251.0290662,6910.037227,1,0.6975408732,1,live
249.7199485,6865.443684,1,0.6908150859,1,live
250.5052996,6979.545728,1,0.6830012619,1,live
253.7291924,6885.666931,1,0.6806393802,1,live
252.1344538,6795.419336,1,0.678100675,1,live
253.7695312,6980.46875,1,0.6773350407,1,live
248.9172087,6802.029507,1,0.66581144,1,live
253.2421875,6804.6875,1,0.6656952495,1,live
252.3464706,7102.681761,1,0.6626931937,1,live
249.0129214,6724.25428,1,0.6515318077,1,live
250.78125,7156.25,1,0.6460057762,1,live
256.2304688,7003.90625,1,0.6455071341,1,live
252.4378982,6700.928095,1,0.6418683911,1,live
254.1418672,6783.148185,1,0.6399536001,1,live
249.4011887,6666.645684,1,0.6380408716,1,live
250.6054688,6628.90625,1,0.6355663678,1,live
252.7818626,6694.659284,1,0.6353208833,1,live
254.7871221,6800.625688,1,0.6300278459,1,live
248.4960938,7144.53125,1,0.6300269717,1,live
250.142439,7255.214144,1,0.6265889839,1,live
255.3169602,6821.055989,1,0.6240047655,1,live
252.8536581,6619.509757,1,0.6094335941,1,live
246.076268,7063.340696,1,0.6074711496,1,live
254.7302874,7358.295731,1,0.6049440839,1,live
245.9289415,7037.114189,1,0.6019779679,1,live
252.7148438,7425.78125,1,0.6018460825,1,live
253.5892078,6638.056968,1,0.5986148236,1,live
256.2708281,6820.657906,1,0.5915366659,1,live
256.7292647,6847.218878,1,0.5875216076,1,live
253.3488359,7503.199263,1,0.5868604024,1,live
258.8671875,7179.6875,1,0.5868079425,1,live
258.3294753,7267.676037,1,0.5837574506,1,live
259.1656753,7073.588602,1,0.5827261662,1,live
258.9490311,7231.249584,1,0.5793384298,1,live
257.1060906,6856.908479,1,0.5791400267,1,live
247.9360978,7324.799912,1,0.5786947071,1,live
256.40625,6781.25,1,0.5755368095,1,live
247.265625,6546.875,1,0.5738988659,1,live
257.524477,7387.175224,1,0.5727958361,1,live
254.4228729,6620.548587,1,0.5727521833,1,live
257.2851562,7402.34375,1,0.5719461134,1,live
246.7670405,6604.606063,1,0.5712447375,1,live
245.5078125,6945.3125,1,0.5709535477,1,live
254.0847447,7591.500449,1,0.5694677795,1,live
257.1085565,6827.312796,1,0.5680999094,1,live
252.9483691,7612.927407,1,0.5655756356,1,live
250.1668414,7534.646825,1,0.5635975839,1,live
248.4172048,7445.218044,1,0.5626155126,1,live
247.4667738,7365.000578,1,0.5604391993,1,live
247.7929688,6441.40625,1,0.5585027627,1,live
250.078125,6359.375,1,0.5514038004,1,live
249.8804503,7617.646993,1,0.5453095804,1,live
249.7265625,7601.5625,1,0.544558617,1,live
245.3571347,7246.31715,1,0.5400495543,1,live
253.0334097,6435.742773,1,0.5394273423,1,live
252.9965105,6427.534217,1,0.5365040488,1,live
247.7398767,7532.139083,1,0.5307083388,1,live
244.603382,7125.077208,1,0.5278290862,1,live
246.7382812,7449.21875,1,0.5277384466,1,live
257.0544573,7726.996933,1,0.5271927914,1,live
251.6601562,7777.34375,1,0.5271485243,1,live
261.2734225,7297.650518,1,0.5266635393,1,live
249.0234375,7648.4375,1,0.5243459864,1,live
258.5295911,6841.260187,1,0.5155062141,1,live
247.4571404,7568.122533,1,0.5155030187,1,live
259.921875,7578.125,1,0.5143415612,1,live
256.6505645,7807.649827,1,0.5134673942,1,live
254.9577721,7894.211456,1,0.5115329869,1,live
261.4431576,7398.002018,1,0.5083708657,1,live
245.1718215,6641.563956,1,0.5081795041,1,live
260.2839976,7578.585025,1,0.5071506471,1,live
254.296875,7953.125,1,0.5037377463,1,live
258.3398438,7800.78125,1,0.5000691304,1,live
261.5039062,7121.09375,1,0.499285366,1,live
260.625,7625,1,0.4963766527,1,live
255.3515625,7976.5625,1,0.4949153419,1,live
244.6289062,6746.09375,1,0.4929940549,1,live
259.6550126,7759.259737,1,0.4913877664,1,live
262.5372255,7389.899521,1,0.4911707885,1,live
254.6484375,8023.4375,1,0.490341562,1,live
255.3968281,7999.384212,1,0.4895921069,1,live
246.3005754,7551.264482,1,0.4888287776,1,live
255,8000,1,0.4884032608,1,live
245.3848367,7466.834685,1,0.4861728133,1,live
249.0549632,6153.344688,1,0.4849552064,1,live
254.957726,6436.003778,1,0.4828001463,1,live
256.424418,8031.994625,1,0.479551045,1,live
250.4863757,6146.484437,1,0.4745075372,1,live
247.3797065,7726.056646,1,0.4720169343,1,live
243.75,7250,1,0.4712811984,1,live
262.7298629,7193.952088,1,0.4697017856,1,live
259.1011962,6780.593474,1,0.4688944829,1,live
263.2617188,7472.65625,1,0.4676677887,1,live
244.0850969,7374.397247,1,0.4672513777,1,live
257.8737476,8030.52914,1,0.465869305,1,live
249.0852857,7925.765364,1,0.4604947028,1,live
245.6684377,6239.636462,1,0.4574909156,1,live
250.3629352,8056.171254,1,0.4551291401,1,live
258.0820081,8084.609029,1,0.4539620655,1,live
254.4450837,8216.940368,1,0.4529920807,1,live
249.1633328,6064.274022,1,0.4529825731,1,live
262.4836498,7686.662306,1,0.4515195306,1,live
256.8502563,8168.932445,1,0.4502919741,1,live
258.1145625,8145.766809,1,0.4488895207,1,live
264.4154416,7425.550164,1,0.448283978,1,live
252.211224,8183.388818,1,0.4482534032,1,live
263.817819,7560.926253,1,0.4475050535,1,live
244.3683182,7500.01385,1,0.4467195878,1,live
262.9006516,7679.59879,1,0.444962547,1,live
245.3300774,7630.959193,1,0.4433880276,1,live
263.0475533,7673.682814,1,0.442647709,1,live
257.9882812,8199.21875,1,0.4402768388,1,live
252.0117188,8222.65625,1,0.4401621215,1,live
253.0664062,6183.59375,1,0.4380271361,1,live
243.323679,7305.836174,1,0.4360842205,1,live
262.3780399,7824.083285,1,0.4330918766,1,live
243.3657365,7397.121618,1,0.4327451385,1,live
263.6428041,7670.629392,1,0.4320051333,1,live
245.7230536,6115.085951,1,0.4291555541,1,live
257.6342938,6549.299087,1,0.4291420583,1,live
243.2226562,7214.84375,1,0.4262432626,1,live
257.0325739,6477.273749,1,0.4260072138,1,live
246.45149,7827.284768,1,0.4241312128,1,live
244.4453805,7595.506708,1,0.4238002868,1,live
261.3612441,6917.1111,1,0.4227820626,1,live
245.5683621,7721.583724,1,0.4225041498,1,live
244.8046875,6242.1875,1,0.4219448817,1,live
246.587669,6008.891838,1,0.4219000992,1,live
243.2317081,7142.532921,1,0.4198853444,1,live
246.3867188,7847.65625,1,0.4191246167,1,live
263.7932695,7742.297901,1,0.4186975374,1,live
263.6132812,7824.21875,1,0.4166346222,1,live
264.4591548,7691.787643,1,0.4145072978,1,live
258.8561883,6625.735348,1,0.4112776549,1,live
258.1186902,8376.115011,1,0.4088395266,1,live
258.4404077,8375.741682,1,0.405402372,1,live
263.4317067,7926.11094,1,0.4039085633,1,live
255.9935364,6338.917023,1,0.403704942,1,live
249.0909422,8205.496124,1,0.4018426427,1,live
254.65126,6223.856486,1,0.4016784878,1,live
260.3112389,8268.968485,1,0.4011606268,1,live
265.3975658,7675.508421,1,0.4007287088,1,live
264.2815287,7205.915813,1,0.4004138989,1,live
245.3320312,6042.96875,1,0.3993566816,1,live
255.9065236,6313.579031,1,0.3975007034,1,live
243.6616074,7576.504509,1,0.3963255369,1,live
250.6343367,5953.921657,1,0.3958731468,1,live
266.1118554,7583.017625,1,0.3933753088,1,live
263.6018277,8002.266592,1,0.3931126333,1,live
255.5938707,8511.764032,1,0.3927450265,1,live
260.7335723,8310.311784,1,0.3921024993,1,live
253.7246878,8505.300792,1,0.390075262,1,live
244.0869889,6236.302999,1,0.3869311541,1,live
264.04803,7965.605703,1,0.3857516859,1,live
256.8193109,8561.223822,1,0.3856927053,1,live
266.2135051,7410.505944,1,0.3836695841,1,live
250.8281568,8423.79112,1,0.3833832603,1,live
260.9765625,8351.5625,1,0.3823597329,1,live
260.2734375,8398.4375,1,0.3822237831,1,live
253.0323614,8528.686239,1,0.3812762994,1,live
245.5919515,7899.369828,1,0.3808170084,1,live
259.3945312,6605.46875,1,0.3787124566,1,live
247.96875,5843.75,1,0.3783419807,1,live
246.3222168,8004.666673,1,0.3781968262,1,live
259.8243188,8474.49363,1,0.3765868576,1,live
247.668774,8170.868394,1,0.3764265125,1,live
243.7930271,6260.419821,1,0.376171824,1,live
253.5818253,8579.475332,1,0.3757257955,1,live
257.6367188,8597.65625,1,0.3750275084,1,live
258.3168848,6488.185088,1,0.3728863059,1,live
260.6794543,8465.324624,1,0.3695443147,1,live
254.1363718,8645.324008,1,0.3695029106,1,live
253.5188302,8636.485641,1,0.3686003731,1,live
249.5409839,8392.957545,1,0.3683460631,1,live
244.7261148,7812.397127,1,0.3683423605,1,live
252.3632812,8574.21875,1,0.3661916134,1,live
255.909838,8654.099552,1,0.366152153,1,live
249.375,8375,1,0.363254648,1,live
263.9648438,8175.78125,1,0.3632541172,1,live
263.2172173,6985.807815,1,0.360705373,1,live
248.671875,8328.125,1,0.36048877,1,live
263.4684545,7010.070785,1,0.3555771346,1,live
267.8320312,7542.96875,1,0.3540757857,1,live
265.3950925,8023.367521,1,0.3539203243,1,live
267.3046875,7742.1875,1,0.3522831116,1,live
264.8982993,8130.250316,1,0.3509518526,1,live
264.4439984,8216.179442,1,0.3492433223,1,live
267.7020245,7718.925601,1,0.3446818322,1,live
244.4468493,5953.88424,1,0.3443749802,1,live
265.8984375,7273.4375,1,0.3438722126,1,live
251.1116685,8642.364828,1,0.3359522747,1,live
263.7204676,8390.255703,1,0.3350596897,1,live
255.9169467,8831.372251,1,0.3347876077,1,live
258.515625,8796.875,1,0.3332320578,1,live
262.5168817,8536.15912,1,0.3312544156,1,live
248.6777379,5732.750289,1,0.3303904151,1,live
251.3077197,8683.404749,1,0.3303420655,1,live
255.086209,8849.404547,1,0.3302509393,1,live
246.0351562,8152.34375,1,0.3300617004,1,live
253.9453125,6007.8125,1,0.3272861384,1,live
262.9101562,8527.34375,1,0.3271410193,1,live
251.3085938,5832.03125,1,0.3269621736,1,live
260.0059471,8783.964035,1,0.3241165713,1,live
262.7078542,8575.238905,1,0.3226291755,1,live
264.1660231,8427.441377,1,0.3216097729,1,live
256.5007085,8910.779919,1,0.3216093316,1,live
251.9177377,5857.801906,1,0.3214557831,1,live
242.1679688,7566.40625,1,0.3212030093,1,live
260.4209617,6588.097913,1,0.3190448418,1,live
249.9347658,5750.125433,1,0.3178111247,1,live
263.7008553,8493.411011,1,0.3173393631,1,live
244.9052965,5786.221594,1,0.3161919559,1,live
258.1578189,8922.955801,1,0.3138166179,1,live
256.0313983,8949.275463,1,0.3122710415,1,live
262.5246762,8707.064553,1,0.3045623396,1,live
255.8789062,8996.09375,1,0.3034381916,1,live
256.9335938,6207.03125,1,0.3029391154,1,live
241.9282846,7176.228173,1,0.3018733521,1,live
242.34375,7718.75,1,0.2995832867,1,live
241.8918763,7228.905719,1,0.298287935,1,live
266.953125,8234.375,1,0.297797527,1,live
251.1328125,8820.3125,1,0.2962430369,1,live
266.3589684,8359.987666,1,0.2945375967,1,live
247.9079082,8530.076212,1,0.2926999548,1,live
254.1210938,9019.53125,1,0.2921656404,1,live
254.4885633,9036.249016,1,0.291488573,1,live
247.2590003,8449.905698,1,0.2908337333,1,live
251.8281534,5784.518949,1,0.2884392079,1,live
261.8554688,8878.90625,1,0.2880235054,1,live
264.7575863,8609.897986,1,0.2864267159,1,live
265.4276917,8551.165021,1,0.2855558618,1,live
264.140625,6921.875,1,0.2823314838,1,live
244.2773438,5738.28125,1,0.282323283,1,live
242.6635068,6095.314988,1,0.2815161027,1,live
266.7773438,7238.28125,1,0.2811621891,1,live
246.6341987,8426.276354,1,0.2781682029,1,live
262.8688586,6766.901442,1,0.2760056478,1,live
249.548763,8797.281545,1,0.2734706716,1,live
256.7578125,9195.3125,1,0.2714982261,1,live
258.0751619,9152.920935,1,0.270999717,1,live
263.7651918,6850.695347,1,0.2708106283,1,live
241.640245,7319.201143,1,0.2703212058,1,live
267.3282195,7272.393579,1,0.270241818,1,live
247.9025836,8618.006398,1,0.269653379,1,live
270.7367543,7815.759742,1,0.2686775844,1,live
270.2929688,7941.40625,1,0.2655876131,1,live
268.8937367,8189.830399,1,0.2644256537,1,live
247.0898438,8550.78125,1,0.2635658561,1,live
259.5703125,6382.8125,1,0.2618566702,1,live
243.3984375,5773.4375,1,0.2602775598,1,live
265.546875,8703.125,1,0.2595639997,1,live
254.4046013,9189.010227,1,0.2589060035,1,live
269.9414062,8058.59375,1,0.2578209867,1,live
246.9140625,5539.0625,1,0.2570785193,1,live
253.6013077,9173.66343,1,0.2560311996,1,live
256.8854586,9273.882037,1,0.2516028768,1,live
241.5457506,7609.263759,1,0.2503357005,1,live
252.890625,9171.875,1,0.249157817,1,live
263.9426229,8945.178376,1,0.2463121636,1,live
244.4564773,5593.953409,1,0.2456542804,1,live
255.703125,5984.375,1,0.2456142065,1,live
265.7880774,8770.162478,1,0.2454512246,1,live
241.4252647,7501.92119,1,0.2417739611,1,live
268.1835938,8457.03125,1,0.2416363947,1,live
267.8816556,7275.178085,1,0.2411459392,1,live
242.8274914,8001.881723,1,0.2393627297,1,live
244.4241481,5561.741362,1,0.2365387187,1,live
267.8287188,8599.949875,1,0.2338896734,1,live
243.4979562,5642.699116,1,0.2321511315,1,live
259.2083973,9378.877465,1,0.2311775668,1,live
271.996957,7784.959195,1,0.2300584288,1,live
270.3503249,7569.166462,1,0.2296552622,1,live
243.6752446,5619.267992,1,0.2293651048,1,live
264.8142025,8997.985606,1,0.2292703544,1,live
241.3165384,6595.928575,1,0.2279557773,1,live
261.0884648,9318.967341,1,0.2277391785,1,live
241.2890625,6664.0625,1,0.2265007855,1,live
264.4921875,9054.6875,1,0.2251070962,1,live
263.8293077,9118.71149,1,0.2246606546,1,live
259.7460938,9394.53125,1,0.2245368065,1,live
248.1445312,8855.46875,1,0.2232531802,1,live
245.0644416,8428.735102,1,0.2228076374,1,live
266.9317191,8808.791156,1,0.2225022473,1,live
269.0556677,8497.363159,1,0.2212138842,1,live
242.7401018,5742.84699,1,0.2208697614,1,live
272.578125,7859.375,1,0.2203499167,1,live
256.1813121,9467.277683,1,0.2200010698,1,live
264.7142693,6845.873132,1,0.2159819801,1,live
254.5779243,9419.244875,1,0.2153133295,1,live
271.8114591,8096.79136,1,0.2108302431,1,live
253.1165562,9370.972118,1,0.2102469737,1,live
252.6707066,5682.704436,1,0.2084466199,1,live
246.7337243,5426.041244,1,0.2075854547,1,live
273.1388712,7908.388761,1,0.2075338458,1,live
262.3828125,6570.3125,1,0.2071219977,1,live
241.3975193,6214.813328,1,0.205482552,1,live
260.6891783,9469.588487,1,0.2047284547,1,live
262.03125,9406.25,1,0.2035098156,1,live
267.2054338,8903.512683,1,0.2022012494,1,live
244.1316343,5477.750084,1,0.2017685586,1,live
257.4089532,9558.635112,1,0.2015581733,1,live
252.6177045,9367.39481,1,0.2014607782,1,live
267.6807594,8853.875871,1,0.2010482604,1,live
254.1020662,5770.395827,1,0.2008066629,1,live
241.002587,6617.613465,1,0.1993528527,1,live
266.3228069,9017.896329,1,0.1988154299,1,live
260.7628502,6381.025066,1,0.1986628934,1,live
250.591798,9237.273299,1,0.198165245,1,live
248.8208682,9031.884723,1,0.1978062472,1,live
259.8175421,9565.89447,1,0.1965152863,1,live
241.1132812,6324.21875,1,0.1925358652,1,live
259.21875,9593.75,1,0.1919317915,1,live
265.295345,6857.333182,1,0.190396572,1,live
265.0195312,9230.46875,1,0.1894213767,1,live
245.9947417,8696.935104,1,0.1893935684,1,live
241.122538,6252.237907,1,0.1890809025,1,live
255.236124,9580.103032,1,0.1881948872,1,live
266.388118,9114.671889,1,0.1878531375,1,live
246.0068679,8693.312197,1,0.1861040187,1,live
272.9296875,8117.1875,1,0.185503113,1,live
245.6688669,5376.149285,1,0.1837023931,1,live
267.0196963,9085.802181,1,0.1832065164,1,live
241.7436211,5824.918864,1,0.1823298943,1,live
249.3268826,9161.228052,1,0.1820314888,1,live
244.7731127,8535.204888,1,0.1816587157,1,live
267.006026,9064.509878,1,0.1814641813,1,live
264.8489598,6791.328247,1,0.1810037708,1,live
260.9468697,9599.030739,1,0.1792440364,1,live
259.4509541,9678.503862,1,0.1766127261,1,live
258.3342028,9715.704943,1,0.1717700104,1,live
250.1062907,5456.712248,1,0.1714971792,1,live
268.4877375,7200.397252,1,0.1694837491,1,live
262.5585938,9582.03125,1,0.1686652458,1,live
270.8203125,8632.8125,1,0.1680400432,1,live
242.8181485,8243.923744,1,0.1676265435,1,live
265.3401877,9355.530943,1,0.1659215659,1,live
269.0625,8937.5,1,0.1658210351,1,live
251.6607391,5536.956066,1,0.1647167781,1,live
250.0655896,5443.125663,1,0.1642504053,1,live
255.6932277,9737.586431,1,0.1639085441,1,live
241.0576818,6058.759112,1,0.1636605739,1,live
262.5752549,9603.674556,1,0.1635222457,1,live
240.8556613,7715.783481,1,0.1620858511,1,live
252.1875,5562.5,1,0.1598381021,1,live
269.2644665,8956.198645,1,0.1597413878,1,live
250.2539062,9371.09375,1,0.1596380353,1,live
264.9237111,9469.744118,1,0.1575478978,1,live
256.5820312,9792.96875,1,0.1572036256,1,live
242.6953125,8257.8125,1,0.1558521326,1,live
267.51916,9197.485825,1,0.1535916172,1,live
274.8983589,8052.299317,1,0.1520402193,1,live
264.9150709,6732.175222,1,0.1514338558,1,live
257.7862435,9835.398589,1,0.1510232932,1,live
266.9442351,9290.914989,1,0.1509797729,1,live
263.7036106,6601.748647,1,0.1502456573,1,live
249.5507812,5386.71875,1,0.1492659955,1,live
270.7824719,8779.624217,1,0.1492161054,1,live
270.8029757,8845.147222,1,0.145109074,1,live
265.3710938,6769.53125,1,0.1438781401,1,live
257.3574265,9877.794331,1,0.1426542783,1,live
241.1566593,8046.31698,1,0.1421023383,1,live
262.2070312,6417.96875,1,0.141318333,1,live
248.8476562,5339.84375,1,0.1391871693,1,live
249.0474784,5342.315852,1,0.1384457642,1,live
271.4064778,8807.827511,1,0.1384305561,1,live
248.6788722,5328.458773,1,0.1371885643,1,live
263.0588725,9751.083299,1,0.1358052866,1,live
257.7351846,9940.96785,1,0.1329894016,1,live
262.8527552,9786.372682,1,0.1311072943,1,live
274.1188861,8385.859356,1,0.1302429145,1,live
240.7617188,5972.65625,1,0.130029281,1,live
264.8960604,9654.858139,1,0.1297680205,1,live
260.4156801,9921.989188,1,0.1268046012,1,live
270.7046868,7369.616948,1,0.1267756759,1,live
253.4179688,9816.40625,1,0.1259314426,1,live
270.46875,7343.75,1,0.1248931079,1,live
253.4476326,9798.239741,1,0.1239000071,1,live
272.2668238,8766.073202,1,0.1225843743,1,live
262.5014457,9859.907257,1,0.122427534,1,live
245.1053878,8802.862185,1,0.1213216284,1,live
271.7279961,8880.997968,1,0.1210034592,1,live
268.9984972,9250.416663,1,0.1207091547,1,live
272.0680922,8863.322928,1,0.1194524554,1,live
267.6956382,6987.275994,1,0.1186869306,1,live
268.7109375,9335.9375,1,0.116929756,1,live
256.0546875,9992.1875,1,0.1163874742,1,live
274.4839536,8449.281596,1,0.1156010764,1,live
240.234375,7015.625,1,0.1154255943,1,live
260.5856186,6207.231907,1,0.1150996052,1,live
250.2289516,5360.527107,1,0.1150036661,1,live
262.9810479,9883.402632,1,0.1148235981,1,live
273.4570312,8667.96875,1,0.1148086943,1,live
256.6386323,10029.26004,1,0.1114168947,1,live
265.1953125,9757.8125,1,0.1091428159,1,live
244.5784585,8764.214239,1,0.1083127731,1,live
266.9872391,9605.374766,1,0.107995153,1,live
268.4628195,9431.775539,1,0.1076116103,1,live
271.9904447,7492.648883,1,0.1069927372,1,live
250.4296875,9617.1875,1,0.1069195908,1,live
275.0237072,8455.175963,1,0.1062254732,1,live
266.7717334,6849.657497,1,0.1032012195,1,live
259.9593623,10105.3007,1,0.1031696172,1,live
272.8435831,7593.556019,1,0.1024884513,1,live
262.0999499,10034.08276,1,0.1022406,1,live
246.5060505,9096.665036,1,0.1011564287,1,live
242.4025783,8405.339792,1,0.1010185275,1,live
275.9179688,8316.40625,1,0.09859351013,1,live
273.7843466,8748.080073,1,0.09832139756,1,live
244.1015625,8726.5625,1,0.0977604954,1,live
242.8710938,5269.53125,1,0.09678267969,1,live
253.59375,9968.75,1,0.09652763086,1,live
261.6537294,10078.01179,1,0.09590932605,1,live
240.757785,5709.466078,1,0.09517215372,1,live
270.2017447,9302.338995,1,0.09470096598,1,live
264.3164062,9933.59375,1,0.09181817368,1,live
261.328125,10109.375,1,0.09046210984,1,live
274.917487,7836.275656,1,0.0903924231,1,live
240.3465798,5933.212574,1,0.09038109941,1,live
241.640625,5421.875,1,0.08969346982,1,live
268.7792445,9541.152097,1,0.0882164717,1,live
275.8321896,7956.438522,1,0.08766281417,1,live
271.6992188,9160.15625,1,0.08685491265,1,live
259.0429688,10191.40625,1,0.08553261484,1,live
244.7543495,5148.944058,1,0.08341794112,1,live
272.4023438,9113.28125,1,0.08145816463,1,live
249.7198577,9649.757697,1,0.08096376837,1,live
239.8834288,6584.648382,1,0.08062513679,1,live
267.7606249,9705.507892,1,0.08051193042,1,live
245.9123285,5145.481895,1,0.08042079436,1,live
276.09375,8468.75,1,0.08022802253,1,live
245.859375,5140.625,1,0.07955210396,1,live
249.7105751,5266.863427,1,0.07853631113,1,live
258.5919933,10241.58564,1,0.07614824726,1,live
254.8004821,10164.9161,1,0.0720167178,1,live
268.5351562,9652.34375,1,0.07132713207,1,live
273.2522178,9053.113736,1,0.07045473735,1,live
257.9129509,5868.291253,1,0.06966061497,1,live
249.2207218,9625.42807,1,0.06792275423,1,live
265.7029973,9975.668583,1,0.06746698195,1,live
241.7070299,8395.836215,1,0.066830294,1,live
245.15625,9031.25,1,0.0658058157,1,live
272.8990241,7515.626598,1,0.06386211286,1,live
276.8944512,8443.436939,1,0.06337789078,1,live
247.6171875,9429.6875,1,0.0629080487,1,live
255.1093977,10240.98207,1,0.06051012885,1,live
241.8164062,8433.59375,1,0.05926371582,1,live
266.5231199,9972.029306,1,0.05758102741,1,live
243.5742188,8785.15625,1,0.05697414874,1,live
253.1500486,10133.4516,1,0.05496617917,1,live
267.4740879,6837.007732,1,0.05494919394,1,live
271.4917121,7308.86556,1,0.05388494663,1,live
255.7070672,10310.74091,1,0.05071019433,1,live
275.0390625,8914.0625,1,0.04947915788,1,live
269.1127943,9753.174037,1,0.04814275655,1,live
268.6950934,9823.396457,1,0.04791580139,1,live
257.109375,10390.625,1,0.04596010802,1,live
274.3833893,9072.962853,1,0.04468814026,1,live
258.62925,5888.544262,1,0.04413161573,1,live
264.5819998,10247.83864,1,0.04333357422,1,live
269.4140625,7039.0625,1,0.04318661331,1,live
247.4753444,9488.0318,1,0.04295090977,1,live
240.7331773,5415.954094,1,0.03671284083,1,live
277.6706126,8561.485831,1,0.03664342702,1,live
267.6491414,10014.93761,1,0.03560016283,1,live
278.4185205,8176.245988,1,0.03502135405,1,live
252.9912045,10199.84101,1,0.03304682663,1,live
239.7593623,7431.118024,1,0.03278895118,1,live
268.1089539,6865.480098,1,0.03254264679,1,live
277.1109486,8660.990534,1,0.03250062599,1,live
273.984375,9265.625,1,0.03103508123,1,live
278.90625,8281.25,1,0.03059075033,1,live
269.1182969,9917.581559,1,0.02955866662,1,live
274.1352283,9211.674689,1,0.02939473121,1,live
274.079344,9230.821638,1,0.02928258811,1,live
263.0859375,10460.9375,1,0.0246015199,1,live
256.7150844,10492.94308,1,0.02447169697,1,live
247.4414062,9558.59375,1,0.02420746701,1,live
244.739354,5026.950717,1,0.02318553143,1,live
253.5967924,10301.34758,1,0.0219783191,1,live
258.9449836,10546.35829,1,0.02107485351,1,live
240.0585938,8082.03125,1,0.02029852817,1,live
260.0976562,10589.84375,1,0.01940645683,1,live
262.1440887,10509.77114,1,0.01802872233,1,live
239.3404626,6440.773596,1,0.0176492885,1,live
278.7304688,8503.90625,1,0.0169973937,1,live
266.6015625,10226.5625,1,0.0169837805,1,live
274.8502565,9239.925033,1,0.0160618016,1,live
262.2930808,10552.94798,1,0.01474916651,1,live
266.0742188,10285.15625,1,0.01465252374,1,live
259.7119662,10620.77969,1,0.01418773209,1,live
240.7796597,5302.345465,1,0.0141012726,1,live
264.5141076,10446.04326,1,0.01301487844,1,live
260.8007812,10636.71875,1,0.00927379617,1,live
273.0503073,9582.02374,1,0.006819917069,1,live
249.9120708,9995.807204,1,0.006539289472,1,live
277.9708406,8791.948175,1,0.005271639096,1,live
271.171875,9828.125,1,0.002734534011,1,live
267.1287874,10278.16623,1,0.00176037264,1,live
243.4921284,8970.968327,1,0.001332211881,1,live
269.5898438,10050.78125,1,0.00098402409,1,live
